case_id,language,case_type,_source_file,_source_path,_source_row,_encoding_used,_is_empty_judgment,_duplicate_case_id,_duplicate_judgment,char_count,word_count,token_count,length_bucket,routing_decision,annotation_state
CHG_ADM_000001,Hindi,Administrative,final_merged_hindi_cleaned.csv,final_merged_hindi_cleaned.csv,0,utf-8-sig,False,False,False,10218,1821,9429,8K-16K,chunk_candidate,partial
CHG_ADM_000002,Hindi,Administrative,final_merged_hindi_cleaned.csv,final_merged_hindi_cleaned.csv,1,utf-8-sig,False,False,False,11756,2084,10749,8K-16K,chunk_candidate,partial
CHG_ADM_000003,Hindi,Administrative,final_merged_hindi_cleaned.csv,final_merged_hindi_cleaned.csv,2,utf-8-sig,False,False,False,15106,2692,13816,8K-16K,chunk_candidate,partial
CHG_ADM_000004,Hindi,Administrative,final_merged_hindi_cleaned.csv,final_merged_hindi_cleaned.csv,3,utf-8-sig,False,False,False,28889,5348,26534,16K-32K,chunk_candidate,partial
CHG_ADM_000005,Hindi,Administrative,final_merged_hindi_cleaned.csv,final_merged_hindi_cleaned.csv,4,utf-8-sig,False,False,False,1885,334,1685,0-4K,direct,partial
CHG_ADM_000006,Hindi,Administrative,final_merged_hindi_cleaned.csv,final_merged_hindi_cleaned.csv,5,utf-8-sig,False,False,False,10729,1896,9865,8K-16K,chunk_candidate,partial
CHG_ADM_000007,Hindi,Administrative,final_merged_hindi_cleaned.csv,final_merged_hindi_cleaned.csv,6,utf-8-sig,False,False,False,10536,1868,9680,8K-16K,chunk_candidate,partial
CHG_ADM_000008,Hindi,Administrative,final_merged_hindi_cleaned.csv,final_merged_hindi_cleaned.csv,7,utf-8-sig,False,False,False,10248,1887,9245,8K-16K,chunk_candidate,partial
CHG_ADM_000009,Hindi,Administrative,final_merged_hindi_cleaned.csv,final_merged_hindi_cleaned.csv,8,utf-8-sig,False,False,False,4122,674,3791,0-4K,direct,partial
CHG_ADM_000010,Hindi,Administrative,final_merged_hindi_cleaned.csv,final_merged_hindi_cleaned.csv,9,utf-8-sig,False,False,False,19426,3596,17661,16K-32K,chunk_candidate,partial
CHG_ADM_000011,Hindi,Administrative,final_merged_hindi_cleaned.csv,final_merged_hindi_cleaned.csv,10,utf-8-sig,False,False,False,5872,1047,5342,4K-8K,direct,partial
CHG_ADM_000012,Hindi,Administrative,final_merged_hindi_cleaned.csv,final_merged_hindi_cleaned.csv,11,utf-8-sig,False,False,False,9521,1802,8578,8K-16K,chunk_candidate,partial
CHG_ADM_000013,Hindi,Administrative,final_merged_hindi_cleaned.csv,final_merged_hindi_cleaned.csv,12,utf-8-sig,False,False,False,12300,2235,11372,8K-16K,chunk_candidate,partial
CHG_ADM_000014,Hindi,Administrative,final_merged_hindi_cleaned.csv,final_merged_hindi_cleaned.csv,13,utf-8-sig,False,False,False,29404,5374,27021,16K-32K,chunk_candidate,partial
CHG_ADM_000015,Hindi,Administrative,final_merged_hindi_cleaned.csv,final_merged_hindi_cleaned.csv,14,utf-8-sig,False,False,False,18390,3516,16676,16K-32K,chunk_candidate,partial
CHG_ADM_000016,Hindi,Administrative,final_merged_hindi_cleaned.csv,final_merged_hindi_cleaned.csv,15,utf-8-sig,False,False,False,17287,3091,15736,8K-16K,chunk_candidate,partial
CHG_ADM_000017,Hindi,Administrative,final_merged_hindi_cleaned.csv,final_merged_hindi_cleaned.csv,16,utf-8-sig,False,False,False,6446,1104,5894,4K-8K,direct,partial
CHG_ADM_000018,Hindi,Administrative,final_merged_hindi_cleaned.csv,final_merged_hindi_cleaned.csv,17,utf-8-sig,False,False,False,18017,3317,16302,16K-32K,chunk_candidate,partial
CHG_ADM_000019,Hindi,Administrative,final_merged_hindi_cleaned.csv,final_merged_hindi_cleaned.csv,18,utf-8-sig,False,False,False,13924,2522,12807,8K-16K,chunk_candidate,partial
CHG_ADM_000020,Hindi,Administrative,final_merged_hindi_cleaned.csv,final_merged_hindi_cleaned.csv,19,utf-8-sig,False,False,False,13526,2481,12237,8K-16K,chunk_candidate,partial
CHG_ADM_000021,Hindi,Administrative,final_merged_hindi_cleaned.csv,final_merged_hindi_cleaned.csv,20,utf-8-sig,False,False,False,12427,2216,11336,8K-16K,chunk_candidate,partial
CHG_ADM_000022,Hindi,Administrative,final_merged_hindi_cleaned.csv,final_merged_hindi_cleaned.csv,21,utf-8-sig,False,False,False,10489,1912,9469,8K-16K,chunk_candidate,partial
CHG_ADM_000023,Hindi,Administrative,final_merged_hindi_cleaned.csv,final_merged_hindi_cleaned.csv,22,utf-8-sig,False,False,False,32759,6122,29779,16K-32K,chunk_candidate,all_missing
CHG_ADM_000024,Hindi,Administrative,final_merged_hindi_cleaned.csv,final_merged_hindi_cleaned.csv,23,utf-8-sig,False,False,False,9082,1588,8257,8K-16K,chunk_candidate,partial
CHG_ADM_000025,Hindi,Administrative,final_merged_hindi_cleaned.csv,final_merged_hindi_cleaned.csv,24,utf-8-sig,False,False,False,12917,2382,11817,8K-16K,chunk_candidate,partial
CHG_ADM_000026,Hindi,Administrative,final_merged_hindi_cleaned.csv,final_merged_hindi_cleaned.csv,25,utf-8-sig,False,False,False,14017,2504,12730,8K-16K,chunk_candidate,partial
CHG_ADM_000027,Hindi,Administrative,final_merged_hindi_cleaned.csv,final_merged_hindi_cleaned.csv,26,utf-8-sig,False,False,False,17384,3125,15890,8K-16K,chunk_candidate,partial
CHG_ADM_000029,Hindi,Administrative,final_merged_hindi_cleaned.csv,final_merged_hindi_cleaned.csv,27,utf-8-sig,False,False,False,9065,1612,8287,8K-16K,chunk_candidate,partial
CHG_ADM_000030,Hindi,Administrative,final_merged_hindi_cleaned.csv,final_merged_hindi_cleaned.csv,28,utf-8-sig,False,False,False,30568,5564,27876,16K-32K,chunk_candidate,partial
CHG_ADM_000031,Hindi,Administrative,final_merged_hindi_cleaned.csv,final_merged_hindi_cleaned.csv,29,utf-8-sig,False,False,False,32759,5840,29981,16K-32K,chunk_candidate,all_missing
CHG_ADM_000032,Hindi,Administrative,final_merged_hindi_cleaned.csv,final_merged_hindi_cleaned.csv,30,utf-8-sig,False,False,False,8313,1383,7610,4K-8K,chunk_candidate,partial
CHG_ADM_000033,Hindi,Administrative,final_merged_hindi_cleaned.csv,final_merged_hindi_cleaned.csv,31,utf-8-sig,False,False,False,18189,3294,16632,16K-32K,chunk_candidate,partial
CHG_ADM_000034,Hindi,Administrative,final_merged_hindi_cleaned.csv,final_merged_hindi_cleaned.csv,32,utf-8-sig,False,False,False,19132,3308,17500,16K-32K,chunk_candidate,partial
CHG_ADM_000035,Hindi,Administrative,final_merged_hindi_cleaned.csv,final_merged_hindi_cleaned.csv,33,utf-8-sig,False,False,False,4516,847,4050,4K-8K,direct,partial
CHG_ADM_000036,Hindi,Administrative,final_merged_hindi_cleaned.csv,final_merged_hindi_cleaned.csv,34,utf-8-sig,False,False,False,10250,1806,9310,8K-16K,chunk_candidate,partial
CHG_ADM_000037,Hindi,Administrative,final_merged_hindi_cleaned.csv,final_merged_hindi_cleaned.csv,35,utf-8-sig,False,False,False,27928,5226,25293,16K-32K,chunk_candidate,partial
CHG_ADM_000038,Hindi,Administrative,final_merged_hindi_cleaned.csv,final_merged_hindi_cleaned.csv,36,utf-8-sig,False,False,False,25639,4740,23154,16K-32K,chunk_candidate,partial
CHG_ADM_000039,Hindi,Administrative,final_merged_hindi_cleaned.csv,final_merged_hindi_cleaned.csv,37,utf-8-sig,False,False,False,24413,4561,22361,16K-32K,chunk_candidate,partial
CHG_ADM_000040,Hindi,Administrative,final_merged_hindi_cleaned.csv,final_merged_hindi_cleaned.csv,38,utf-8-sig,False,False,False,14886,2565,13607,8K-16K,chunk_candidate,partial
CHG_ADM_000041,Hindi,Administrative,final_merged_hindi_cleaned.csv,final_merged_hindi_cleaned.csv,39,utf-8-sig,False,False,False,8390,1547,7656,4K-8K,chunk_candidate,partial
CHG_ADM_000043,Hindi,Administrative,final_merged_hindi_cleaned.csv,final_merged_hindi_cleaned.csv,40,utf-8-sig,False,False,False,20651,3755,18896,16K-32K,chunk_candidate,partial
CHG_ADM_000044,Hindi,Administrative,final_merged_hindi_cleaned.csv,final_merged_hindi_cleaned.csv,41,utf-8-sig,False,False,False,15761,2631,14520,8K-16K,chunk_candidate,partial
CHG_ADM_000045,Hindi,Administrative,final_merged_hindi_cleaned.csv,final_merged_hindi_cleaned.csv,42,utf-8-sig,False,False,False,32759,5986,30029,16K-32K,chunk_candidate,all_missing
CHG_ADM_000046,Hindi,Administrative,final_merged_hindi_cleaned.csv,final_merged_hindi_cleaned.csv,43,utf-8-sig,False,False,False,1,1,1,0-4K,direct,partial
CHG_ADM_000047,Hindi,Administrative,final_merged_hindi_cleaned.csv,final_merged_hindi_cleaned.csv,44,utf-8-sig,False,False,False,11386,2055,10357,8K-16K,chunk_candidate,partial
CHG_ADM_000048,Hindi,Administrative,final_merged_hindi_cleaned.csv,final_merged_hindi_cleaned.csv,45,utf-8-sig,False,False,False,16812,3083,15393,8K-16K,chunk_candidate,partial
CHG_ADM_000049,Hindi,Administrative,final_merged_hindi_cleaned.csv,final_merged_hindi_cleaned.csv,46,utf-8-sig,False,False,False,21020,3844,19341,16K-32K,chunk_candidate,partial
CHG_ADM_000050,Hindi,Administrative,final_merged_hindi_cleaned.csv,final_merged_hindi_cleaned.csv,47,utf-8-sig,False,False,False,20626,3830,18861,16K-32K,chunk_candidate,partial
CHG_ADM_000051,Hindi,Administrative,final_merged_hindi_cleaned.csv,final_merged_hindi_cleaned.csv,48,utf-8-sig,False,False,False,10915,1979,9791,8K-16K,chunk_candidate,partial
CHG_ADM_000052,Hindi,Administrative,final_merged_hindi_cleaned.csv,final_merged_hindi_cleaned.csv,49,utf-8-sig,False,False,False,9753,1820,8909,8K-16K,chunk_candidate,partial
CHG_ADM_000053,Hindi,Administrative,final_merged_hindi_cleaned.csv,final_merged_hindi_cleaned.csv,50,utf-8-sig,False,False,False,12714,2274,11678,8K-16K,chunk_candidate,partial
CHG_ADM_000054,Hindi,Administrative,final_merged_hindi_cleaned.csv,final_merged_hindi_cleaned.csv,51,utf-8-sig,False,False,False,12464,2128,11403,8K-16K,chunk_candidate,partial
CHG_ADM_000055,Hindi,Administrative,final_merged_hindi_cleaned.csv,final_merged_hindi_cleaned.csv,52,utf-8-sig,False,False,False,18874,3554,17327,16K-32K,chunk_candidate,partial
CHG_ADM_000056,Hindi,Administrative,final_merged_hindi_cleaned.csv,final_merged_hindi_cleaned.csv,53,utf-8-sig,False,False,False,17830,3237,16208,16K-32K,chunk_candidate,partial
CHG_ADM_000057,Hindi,Administrative,final_merged_hindi_cleaned.csv,final_merged_hindi_cleaned.csv,54,utf-8-sig,False,False,False,17298,3172,15733,8K-16K,chunk_candidate,partial
CHG_ADM_000058,Hindi,Administrative,final_merged_hindi_cleaned.csv,final_merged_hindi_cleaned.csv,55,utf-8-sig,False,False,False,20510,3596,18947,16K-32K,chunk_candidate,partial
CHG_ADM_000059,Hindi,Administrative,final_merged_hindi_cleaned.csv,final_merged_hindi_cleaned.csv,56,utf-8-sig,False,False,False,18483,3289,16797,16K-32K,chunk_candidate,partial
CHG_ADM_000060,Hindi,Administrative,final_merged_hindi_cleaned.csv,final_merged_hindi_cleaned.csv,57,utf-8-sig,False,False,False,22507,4183,20672,16K-32K,chunk_candidate,partial
CHG_ADM_000061,Hindi,Administrative,final_merged_hindi_cleaned.csv,final_merged_hindi_cleaned.csv,58,utf-8-sig,False,False,False,14414,2508,12996,8K-16K,chunk_candidate,partial
CHG_ADM_000062,Hindi,Administrative,final_merged_hindi_cleaned.csv,final_merged_hindi_cleaned.csv,59,utf-8-sig,False,False,False,14294,2563,13146,8K-16K,chunk_candidate,partial
CHG_ADM_000063,Hindi,Administrative,final_merged_hindi_cleaned.csv,final_merged_hindi_cleaned.csv,60,utf-8-sig,False,False,False,20641,3894,18821,16K-32K,chunk_candidate,partial
CHG_ADM_000064,Hindi,Administrative,final_merged_hindi_cleaned.csv,final_merged_hindi_cleaned.csv,61,utf-8-sig,False,False,False,20463,3752,18740,16K-32K,chunk_candidate,partial
CHG_ADM_000065,Hindi,Administrative,final_merged_hindi_cleaned.csv,final_merged_hindi_cleaned.csv,62,utf-8-sig,False,False,False,6476,1233,5953,4K-8K,direct,partial
CHG_ADM_000066,Hindi,Administrative,final_merged_hindi_cleaned.csv,final_merged_hindi_cleaned.csv,63,utf-8-sig,False,False,False,10775,1891,9856,8K-16K,chunk_candidate,partial
CHG_ADM_000067,Hindi,Administrative,final_merged_hindi_cleaned.csv,final_merged_hindi_cleaned.csv,64,utf-8-sig,False,False,False,11139,2024,10209,8K-16K,chunk_candidate,partial
CHG_ADM_000068,Hindi,Administrative,final_merged_hindi_cleaned.csv,final_merged_hindi_cleaned.csv,65,utf-8-sig,False,False,False,13605,2328,12470,8K-16K,chunk_candidate,partial
CHG_CIV_000001,Hindi,Civil,final_merged_hindi_cleaned.csv,final_merged_hindi_cleaned.csv,66,utf-8-sig,False,False,False,2093,377,1929,0-4K,direct,partial
CHG_CIV_000002,Hindi,Civil,final_merged_hindi_cleaned.csv,final_merged_hindi_cleaned.csv,67,utf-8-sig,False,False,False,15634,2701,14181,8K-16K,chunk_candidate,partial
CHG_CIV_000004,Hindi,Civil,final_merged_hindi_cleaned.csv,final_merged_hindi_cleaned.csv,68,utf-8-sig,False,False,False,7613,1473,6926,4K-8K,direct,partial
CHG_CIV_000006,Hindi,Civil,final_merged_hindi_cleaned.csv,final_merged_hindi_cleaned.csv,69,utf-8-sig,False,False,False,20860,4056,18881,16K-32K,chunk_candidate,partial
CHG_CIV_000007,Hindi,Civil,final_merged_hindi_cleaned.csv,final_merged_hindi_cleaned.csv,70,utf-8-sig,False,False,False,27114,5218,24790,16K-32K,chunk_candidate,partial
CHG_CIV_000008,Hindi,Civil,final_merged_hindi_cleaned.csv,final_merged_hindi_cleaned.csv,71,utf-8-sig,False,False,False,17994,3413,16439,16K-32K,chunk_candidate,partial
CHG_CIV_000009,Hindi,Civil,final_merged_hindi_cleaned.csv,final_merged_hindi_cleaned.csv,72,utf-8-sig,False,False,False,7877,1434,7185,4K-8K,chunk_candidate,partial
CHG_CIV_000010,Hindi,Civil,final_merged_hindi_cleaned.csv,final_merged_hindi_cleaned.csv,73,utf-8-sig,False,False,False,2802,465,2542,0-4K,direct,partial
CHG_CIV_000011,Hindi,Civil,final_merged_hindi_cleaned.csv,final_merged_hindi_cleaned.csv,74,utf-8-sig,False,False,False,32759,6217,29675,16K-32K,chunk_candidate,all_missing
CHG_CIV_000012,Hindi,Civil,final_merged_hindi_cleaned.csv,final_merged_hindi_cleaned.csv,75,utf-8-sig,False,False,False,23876,4683,21838,16K-32K,chunk_candidate,partial
CHG_CIV_000013,Hindi,Civil,final_merged_hindi_cleaned.csv,final_merged_hindi_cleaned.csv,76,utf-8-sig,False,False,False,8779,1614,8000,4K-8K,chunk_candidate,partial
CHG_CIV_000014,Hindi,Civil,final_merged_hindi_cleaned.csv,final_merged_hindi_cleaned.csv,77,utf-8-sig,False,False,False,12658,2378,11569,8K-16K,chunk_candidate,partial
CHG_CIV_000015,Hindi,Civil,final_merged_hindi_cleaned.csv,final_merged_hindi_cleaned.csv,78,utf-8-sig,False,False,False,10769,2071,9817,8K-16K,chunk_candidate,partial
CHG_CIV_000016,Hindi,Civil,final_merged_hindi_cleaned.csv,final_merged_hindi_cleaned.csv,79,utf-8-sig,False,False,False,15131,2807,13914,8K-16K,chunk_candidate,partial
CHG_CIV_000017,Hindi,Civil,final_merged_hindi_cleaned.csv,final_merged_hindi_cleaned.csv,80,utf-8-sig,False,False,False,30201,5751,27680,16K-32K,chunk_candidate,partial
CHG_CIV_000018,Hindi,Civil,final_merged_hindi_cleaned.csv,final_merged_hindi_cleaned.csv,81,utf-8-sig,False,False,False,14993,2754,13351,8K-16K,chunk_candidate,partial
CHG_CIV_000019,Hindi,Civil,final_merged_hindi_cleaned.csv,final_merged_hindi_cleaned.csv,82,utf-8-sig,False,False,False,10665,1964,9869,8K-16K,chunk_candidate,partial
CHG_CIV_000020,Hindi,Civil,final_merged_hindi_cleaned.csv,final_merged_hindi_cleaned.csv,83,utf-8-sig,False,False,False,11938,2165,10789,8K-16K,chunk_candidate,partial
CHG_CIV_000021,Hindi,Civil,final_merged_hindi_cleaned.csv,final_merged_hindi_cleaned.csv,84,utf-8-sig,False,False,False,11584,2081,10454,8K-16K,chunk_candidate,partial
CHG_CIV_000022,Hindi,Civil,final_merged_hindi_cleaned.csv,final_merged_hindi_cleaned.csv,85,utf-8-sig,False,False,False,15076,2652,13767,8K-16K,chunk_candidate,partial
CHG_CIV_000023,Hindi,Civil,final_merged_hindi_cleaned.csv,final_merged_hindi_cleaned.csv,86,utf-8-sig,False,False,False,14102,2452,12708,8K-16K,chunk_candidate,partial
CHG_CIV_000024,Hindi,Civil,final_merged_hindi_cleaned.csv,final_merged_hindi_cleaned.csv,87,utf-8-sig,False,False,False,14402,2637,13207,8K-16K,chunk_candidate,partial
CHG_CIV_000025,Hindi,Civil,final_merged_hindi_cleaned.csv,final_merged_hindi_cleaned.csv,88,utf-8-sig,False,False,False,11247,1987,10076,8K-16K,chunk_candidate,partial
CHG_CIV_000026,Hindi,Civil,final_merged_hindi_cleaned.csv,final_merged_hindi_cleaned.csv,89,utf-8-sig,False,False,False,6885,1244,6308,4K-8K,direct,partial
CHG_CIV_000027,Hindi,Civil,final_merged_hindi_cleaned.csv,final_merged_hindi_cleaned.csv,90,utf-8-sig,False,False,False,14887,2687,13527,8K-16K,chunk_candidate,partial
CHG_CIV_000028,Hindi,Civil,final_merged_hindi_cleaned.csv,final_merged_hindi_cleaned.csv,91,utf-8-sig,False,False,False,7751,1370,7064,4K-8K,chunk_candidate,partial
CHG_CIV_000029,Hindi,Civil,final_merged_hindi_cleaned.csv,final_merged_hindi_cleaned.csv,92,utf-8-sig,False,False,False,7372,1310,6778,4K-8K,direct,partial
CHG_CON_000001,Hindi,Constitutional,final_merged_hindi_cleaned.csv,final_merged_hindi_cleaned.csv,93,utf-8-sig,False,False,False,26597,4993,24401,16K-32K,chunk_candidate,partial
CHG_CON_000002,Hindi,Constitutional,final_merged_hindi_cleaned.csv,final_merged_hindi_cleaned.csv,94,utf-8-sig,False,False,False,31596,5683,29047,16K-32K,chunk_candidate,partial
CHG_CON_000003,Hindi,Constitutional,final_merged_hindi_cleaned.csv,final_merged_hindi_cleaned.csv,95,utf-8-sig,False,False,False,23789,4504,21769,16K-32K,chunk_candidate,partial
CHG_CON_000004,Hindi,Constitutional,final_merged_hindi_cleaned.csv,final_merged_hindi_cleaned.csv,96,utf-8-sig,False,False,False,28959,5340,26517,16K-32K,chunk_candidate,partial
CHG_CON_000005,Hindi,Constitutional,final_merged_hindi_cleaned.csv,final_merged_hindi_cleaned.csv,97,utf-8-sig,False,False,False,32759,6108,29993,16K-32K,chunk_candidate,all_missing
CHG_CON_000006,Hindi,Constitutional,final_merged_hindi_cleaned.csv,final_merged_hindi_cleaned.csv,98,utf-8-sig,False,False,False,19195,3513,17523,16K-32K,chunk_candidate,partial
CHG_CON_000007,Hindi,Constitutional,final_merged_hindi_cleaned.csv,final_merged_hindi_cleaned.csv,99,utf-8-sig,False,False,False,23819,4285,21844,16K-32K,chunk_candidate,partial
CHG_CON_000008,Hindi,Constitutional,final_merged_hindi_cleaned.csv,final_merged_hindi_cleaned.csv,100,utf-8-sig,False,False,False,17342,3171,15724,8K-16K,chunk_candidate,partial
CHG_CON_000009,Hindi,Constitutional,final_merged_hindi_cleaned.csv,final_merged_hindi_cleaned.csv,101,utf-8-sig,False,False,False,19409,3558,17588,16K-32K,chunk_candidate,partial
CHG_CON_000010,Hindi,Constitutional,final_merged_hindi_cleaned.csv,final_merged_hindi_cleaned.csv,102,utf-8-sig,False,False,False,12632,2314,11433,8K-16K,chunk_candidate,partial
CHG_CON_000011,Hindi,Constitutional,final_merged_hindi_cleaned.csv,final_merged_hindi_cleaned.csv,103,utf-8-sig,False,False,False,11310,2022,10363,8K-16K,chunk_candidate,partial
CHG_CON_000012,Hindi,Constitutional,final_merged_hindi_cleaned.csv,final_merged_hindi_cleaned.csv,104,utf-8-sig,False,False,False,32759,6129,30117,16K-32K,chunk_candidate,all_missing
CHG_CON_000013,Hindi,Constitutional,final_merged_hindi_cleaned.csv,final_merged_hindi_cleaned.csv,105,utf-8-sig,False,False,False,12930,2391,11767,8K-16K,chunk_candidate,partial
CHG_CON_000014,Hindi,Constitutional,final_merged_hindi_cleaned.csv,final_merged_hindi_cleaned.csv,106,utf-8-sig,False,False,False,12443,2324,11406,8K-16K,chunk_candidate,partial
CHG_CON_000015,Hindi,Constitutional,final_merged_hindi_cleaned.csv,final_merged_hindi_cleaned.csv,107,utf-8-sig,False,False,False,13824,2579,12479,8K-16K,chunk_candidate,partial
CHG_CON_000016,Hindi,Constitutional,final_merged_hindi_cleaned.csv,final_merged_hindi_cleaned.csv,108,utf-8-sig,False,False,False,22499,4152,20581,16K-32K,chunk_candidate,partial
CHG_CON_000017,Hindi,Constitutional,final_merged_hindi_cleaned.csv,final_merged_hindi_cleaned.csv,109,utf-8-sig,False,False,False,27821,5216,25235,16K-32K,chunk_candidate,partial
CHG_CON_000018,Hindi,Constitutional,final_merged_hindi_cleaned.csv,final_merged_hindi_cleaned.csv,110,utf-8-sig,False,False,False,14637,2691,13298,8K-16K,chunk_candidate,partial
CHG_CON_000019,Hindi,Constitutional,final_merged_hindi_cleaned.csv,final_merged_hindi_cleaned.csv,111,utf-8-sig,False,False,False,9803,1779,9004,8K-16K,chunk_candidate,partial
CHG_CRI_000001,Hindi,Criminal,final_merged_hindi_cleaned.csv,final_merged_hindi_cleaned.csv,112,utf-8-sig,False,False,False,32759,6187,29963,16K-32K,chunk_candidate,all_missing
CHG_CRI_000002,Hindi,Criminal,final_merged_hindi_cleaned.csv,final_merged_hindi_cleaned.csv,113,utf-8-sig,False,False,False,22853,4243,20873,16K-32K,chunk_candidate,partial
CHG_CRI_000003,Hindi,Criminal,final_merged_hindi_cleaned.csv,final_merged_hindi_cleaned.csv,114,utf-8-sig,False,False,False,1213,217,1075,0-4K,direct,partial
CHG_CRI_000004,Hindi,Criminal,final_merged_hindi_cleaned.csv,final_merged_hindi_cleaned.csv,115,utf-8-sig,False,False,False,8532,1621,7694,4K-8K,chunk_candidate,partial
CHG_CRI_000005,Hindi,Criminal,final_merged_hindi_cleaned.csv,final_merged_hindi_cleaned.csv,116,utf-8-sig,False,False,False,16829,2929,15212,8K-16K,chunk_candidate,partial
CHG_CRI_000006,Hindi,Criminal,final_merged_hindi_cleaned.csv,final_merged_hindi_cleaned.csv,117,utf-8-sig,False,False,False,3370,590,3009,0-4K,direct,partial
CHG_CRI_000008,Hindi,Criminal,final_merged_hindi_cleaned.csv,final_merged_hindi_cleaned.csv,118,utf-8-sig,False,False,False,16388,3086,15073,8K-16K,chunk_candidate,partial
CHG_CRI_000009,Hindi,Criminal,final_merged_hindi_cleaned.csv,final_merged_hindi_cleaned.csv,119,utf-8-sig,False,False,False,29172,5373,26843,16K-32K,chunk_candidate,partial
CHG_CRI_000010,Hindi,Criminal,final_merged_hindi_cleaned.csv,final_merged_hindi_cleaned.csv,120,utf-8-sig,False,False,False,15560,2919,14153,8K-16K,chunk_candidate,partial
CHG_CRI_000011,Hindi,Criminal,final_merged_hindi_cleaned.csv,final_merged_hindi_cleaned.csv,121,utf-8-sig,False,False,False,11615,2150,10672,8K-16K,chunk_candidate,partial
CHG_CRI_000012,Hindi,Criminal,final_merged_hindi_cleaned.csv,final_merged_hindi_cleaned.csv,122,utf-8-sig,False,False,False,18882,3540,17124,16K-32K,chunk_candidate,partial
CHG_CRI_000013,Hindi,Criminal,final_merged_hindi_cleaned.csv,final_merged_hindi_cleaned.csv,123,utf-8-sig,False,False,False,14756,2714,13419,8K-16K,chunk_candidate,partial
CHG_CRI_000014,Hindi,Criminal,final_merged_hindi_cleaned.csv,final_merged_hindi_cleaned.csv,124,utf-8-sig,False,False,False,18999,3450,17429,16K-32K,chunk_candidate,partial
CHG_CRI_000015,Hindi,Criminal,final_merged_hindi_cleaned.csv,final_merged_hindi_cleaned.csv,125,utf-8-sig,False,False,False,10815,2039,9889,8K-16K,chunk_candidate,partial
CHG_CRI_000017,Hindi,Criminal,final_merged_hindi_cleaned.csv,final_merged_hindi_cleaned.csv,126,utf-8-sig,False,False,False,11353,2176,10302,8K-16K,chunk_candidate,partial
CHG_CRI_000018,Hindi,Criminal,final_merged_hindi_cleaned.csv,final_merged_hindi_cleaned.csv,127,utf-8-sig,False,False,False,8659,1595,7918,4K-8K,chunk_candidate,partial
CHG_CRI_000019,Hindi,Criminal,final_merged_hindi_cleaned.csv,final_merged_hindi_cleaned.csv,128,utf-8-sig,False,False,False,19744,3812,18142,16K-32K,chunk_candidate,partial
CHG_CRI_000020,Hindi,Criminal,final_merged_hindi_cleaned.csv,final_merged_hindi_cleaned.csv,129,utf-8-sig,False,False,False,15919,2959,14362,8K-16K,chunk_candidate,partial
CHG_CRI_000021,Hindi,Criminal,final_merged_hindi_cleaned.csv,final_merged_hindi_cleaned.csv,130,utf-8-sig,False,False,False,22065,4099,19782,16K-32K,chunk_candidate,partial
CHG_CRI_000022,Hindi,Criminal,final_merged_hindi_cleaned.csv,final_merged_hindi_cleaned.csv,131,utf-8-sig,False,False,False,11049,2112,10107,8K-16K,chunk_candidate,partial
CHG_CRI_000023,Hindi,Criminal,final_merged_hindi_cleaned.csv,final_merged_hindi_cleaned.csv,132,utf-8-sig,False,False,False,32759,6024,29608,16K-32K,chunk_candidate,all_missing
CHG_CRI_000024,Hindi,Criminal,final_merged_hindi_cleaned.csv,final_merged_hindi_cleaned.csv,133,utf-8-sig,False,False,False,8193,1606,7456,4K-8K,chunk_candidate,partial
CHG_CRI_000025,Hindi,Criminal,final_merged_hindi_cleaned.csv,final_merged_hindi_cleaned.csv,134,utf-8-sig,False,False,False,15727,2814,14374,8K-16K,chunk_candidate,partial
CHG_CRI_000026,Hindi,Criminal,final_merged_hindi_cleaned.csv,final_merged_hindi_cleaned.csv,135,utf-8-sig,False,False,False,23043,4355,21167,16K-32K,chunk_candidate,partial
CHG_CRI_000027,Hindi,Criminal,final_merged_hindi_cleaned.csv,final_merged_hindi_cleaned.csv,136,utf-8-sig,False,False,False,16845,2999,15407,8K-16K,chunk_candidate,partial
CHG_CRI_000028,Hindi,Criminal,final_merged_hindi_cleaned.csv,final_merged_hindi_cleaned.csv,137,utf-8-sig,False,False,False,7736,1434,6986,4K-8K,direct,partial
CHG_CRI_000029,Hindi,Criminal,final_merged_hindi_cleaned.csv,final_merged_hindi_cleaned.csv,138,utf-8-sig,False,False,False,7234,1379,6516,4K-8K,direct,partial
CHG_CRI_000030,Hindi,Criminal,final_merged_hindi_cleaned.csv,final_merged_hindi_cleaned.csv,139,utf-8-sig,False,False,False,24459,4641,22143,16K-32K,chunk_candidate,partial
CHG_CRI_000031,Hindi,Criminal,final_merged_hindi_cleaned.csv,final_merged_hindi_cleaned.csv,140,utf-8-sig,False,False,False,3332,648,3122,0-4K,direct,partial
CHG_CRI_000032,Hindi,Criminal,final_merged_hindi_cleaned.csv,final_merged_hindi_cleaned.csv,141,utf-8-sig,False,False,False,5363,1008,4906,4K-8K,direct,partial
CHG_CRI_000033,Hindi,Criminal,final_merged_hindi_cleaned.csv,final_merged_hindi_cleaned.csv,142,utf-8-sig,False,False,False,22464,4225,20441,16K-32K,chunk_candidate,partial
CHG_CRI_000034,Hindi,Criminal,final_merged_hindi_cleaned.csv,final_merged_hindi_cleaned.csv,143,utf-8-sig,False,False,False,2273,371,2098,0-4K,direct,partial
CHG_CRI_000035,Hindi,Criminal,final_merged_hindi_cleaned.csv,final_merged_hindi_cleaned.csv,144,utf-8-sig,False,False,False,30584,5593,27790,16K-32K,chunk_candidate,partial
CHG_CRI_000036,Hindi,Criminal,final_merged_hindi_cleaned.csv,final_merged_hindi_cleaned.csv,145,utf-8-sig,False,False,False,10713,2006,9726,8K-16K,chunk_candidate,partial
CHG_CRI_000037,Hindi,Criminal,final_merged_hindi_cleaned.csv,final_merged_hindi_cleaned.csv,146,utf-8-sig,False,False,False,14799,2766,13477,8K-16K,chunk_candidate,partial
CHG_CRI_000038,Hindi,Criminal,final_merged_hindi_cleaned.csv,final_merged_hindi_cleaned.csv,147,utf-8-sig,False,False,False,20850,3838,18946,16K-32K,chunk_candidate,partial
CHG_CRI_000039,Hindi,Criminal,final_merged_hindi_cleaned.csv,final_merged_hindi_cleaned.csv,148,utf-8-sig,False,False,False,27660,5237,25263,16K-32K,chunk_candidate,partial
CHG_CRI_000040,Hindi,Criminal,final_merged_hindi_cleaned.csv,final_merged_hindi_cleaned.csv,149,utf-8-sig,False,False,False,7514,1390,6800,4K-8K,direct,partial
CHG_CRI_000041,Hindi,Criminal,final_merged_hindi_cleaned.csv,final_merged_hindi_cleaned.csv,150,utf-8-sig,False,False,False,20569,3784,18731,16K-32K,chunk_candidate,partial
CHG_CRI_000042,Hindi,Criminal,final_merged_hindi_cleaned.csv,final_merged_hindi_cleaned.csv,151,utf-8-sig,False,False,False,24662,4762,22562,16K-32K,chunk_candidate,partial
CHG_CRI_000043,Hindi,Criminal,final_merged_hindi_cleaned.csv,final_merged_hindi_cleaned.csv,152,utf-8-sig,False,False,False,19665,3556,18176,16K-32K,chunk_candidate,partial
CHG_CRI_000044,Hindi,Criminal,final_merged_hindi_cleaned.csv,final_merged_hindi_cleaned.csv,153,utf-8-sig,False,False,False,29854,5447,27424,16K-32K,chunk_candidate,partial
CHG_CRI_000045,Hindi,Criminal,final_merged_hindi_cleaned.csv,final_merged_hindi_cleaned.csv,154,utf-8-sig,False,False,False,22904,4401,20975,16K-32K,chunk_candidate,partial
CHG_CRI_000046,Hindi,Criminal,final_merged_hindi_cleaned.csv,final_merged_hindi_cleaned.csv,155,utf-8-sig,False,False,False,11062,2148,10165,8K-16K,chunk_candidate,partial
CHG_CRI_000047,Hindi,Criminal,final_merged_hindi_cleaned.csv,final_merged_hindi_cleaned.csv,156,utf-8-sig,False,False,False,1229,179,1158,0-4K,direct,partial
CHG_CRI_000048,Hindi,Criminal,final_merged_hindi_cleaned.csv,final_merged_hindi_cleaned.csv,157,utf-8-sig,False,False,False,22945,4086,21068,16K-32K,chunk_candidate,partial
CHG_CRI_000049,Hindi,Criminal,final_merged_hindi_cleaned.csv,final_merged_hindi_cleaned.csv,158,utf-8-sig,False,False,False,4434,852,4012,4K-8K,direct,partial
CHG_CRI_000050,Hindi,Criminal,final_merged_hindi_cleaned.csv,final_merged_hindi_cleaned.csv,159,utf-8-sig,False,False,False,12648,2343,11614,8K-16K,chunk_candidate,partial
CHG_CRI_000051,Hindi,Criminal,final_merged_hindi_cleaned.csv,final_merged_hindi_cleaned.csv,160,utf-8-sig,False,False,False,11090,2061,9966,8K-16K,chunk_candidate,partial
CHG_CRI_000052,Hindi,Criminal,final_merged_hindi_cleaned.csv,final_merged_hindi_cleaned.csv,161,utf-8-sig,False,False,False,14709,2737,13524,8K-16K,chunk_candidate,partial
CHG_CRI_000053,Hindi,Criminal,final_merged_hindi_cleaned.csv,final_merged_hindi_cleaned.csv,162,utf-8-sig,False,False,False,8103,1531,7386,4K-8K,chunk_candidate,partial
CHG_CRI_000054,Hindi,Criminal,final_merged_hindi_cleaned.csv,final_merged_hindi_cleaned.csv,163,utf-8-sig,False,False,False,11876,2174,10817,8K-16K,chunk_candidate,partial
CHG_CRI_000055,Hindi,Criminal,final_merged_hindi_cleaned.csv,final_merged_hindi_cleaned.csv,164,utf-8-sig,False,False,False,4756,886,4308,4K-8K,direct,partial
CHG_CRI_000056,Hindi,Criminal,final_merged_hindi_cleaned.csv,final_merged_hindi_cleaned.csv,165,utf-8-sig,False,False,False,11840,2168,10756,8K-16K,chunk_candidate,partial
CHG_CRI_000057,Hindi,Criminal,final_merged_hindi_cleaned.csv,final_merged_hindi_cleaned.csv,166,utf-8-sig,False,False,False,12609,2284,11506,8K-16K,chunk_candidate,partial
CHG_CRI_000058,Hindi,Criminal,final_merged_hindi_cleaned.csv,final_merged_hindi_cleaned.csv,167,utf-8-sig,False,False,False,13658,2486,12530,8K-16K,chunk_candidate,partial
CHG_CRI_000059,Hindi,Criminal,final_merged_hindi_cleaned.csv,final_merged_hindi_cleaned.csv,168,utf-8-sig,False,False,False,18015,3271,16439,16K-32K,chunk_candidate,partial
CHG_CRI_000060,Hindi,Criminal,final_merged_hindi_cleaned.csv,final_merged_hindi_cleaned.csv,169,utf-8-sig,False,False,False,9763,1800,8897,8K-16K,chunk_candidate,partial
CHG_CRI_000061,Hindi,Criminal,final_merged_hindi_cleaned.csv,final_merged_hindi_cleaned.csv,170,utf-8-sig,False,False,False,10969,1965,10049,8K-16K,chunk_candidate,partial
CHG_CRI_000062,Hindi,Criminal,final_merged_hindi_cleaned.csv,final_merged_hindi_cleaned.csv,171,utf-8-sig,False,False,False,14586,2711,13362,8K-16K,chunk_candidate,partial
CHG_CRI_000063,Hindi,Criminal,final_merged_hindi_cleaned.csv,final_merged_hindi_cleaned.csv,172,utf-8-sig,False,False,False,11229,2028,10312,8K-16K,chunk_candidate,partial
CHG_CRI_000064,Hindi,Criminal,final_merged_hindi_cleaned.csv,final_merged_hindi_cleaned.csv,173,utf-8-sig,False,False,True,6315,1164,5760,4K-8K,direct,partial
CHG_CRI_000065,Hindi,Criminal,final_merged_hindi_cleaned.csv,final_merged_hindi_cleaned.csv,174,utf-8-sig,False,False,True,6315,1164,5760,4K-8K,direct,partial
CHG_CRI_000066,Hindi,Criminal,final_merged_hindi_cleaned.csv,final_merged_hindi_cleaned.csv,175,utf-8-sig,False,False,False,13300,2252,12140,8K-16K,chunk_candidate,partial
CHG_CRI_000067,Hindi,Criminal,final_merged_hindi_cleaned.csv,final_merged_hindi_cleaned.csv,176,utf-8-sig,False,False,False,17862,3277,16334,16K-32K,chunk_candidate,partial
CHG_CRI_000068,Hindi,Criminal,final_merged_hindi_cleaned.csv,final_merged_hindi_cleaned.csv,177,utf-8-sig,False,False,False,11589,2196,10615,8K-16K,chunk_candidate,partial
CHG_CRI_000069,Hindi,Criminal,final_merged_hindi_cleaned.csv,final_merged_hindi_cleaned.csv,178,utf-8-sig,False,False,False,9183,1702,8380,8K-16K,chunk_candidate,partial
CHG_CRI_000070,Hindi,Criminal,final_merged_hindi_cleaned.csv,final_merged_hindi_cleaned.csv,179,utf-8-sig,False,False,False,12845,2296,11748,8K-16K,chunk_candidate,partial
CHG_CRI_000071,Hindi,Criminal,final_merged_hindi_cleaned.csv,final_merged_hindi_cleaned.csv,180,utf-8-sig,False,False,False,10967,2024,9947,8K-16K,chunk_candidate,partial
CHG_CRI_000072,Hindi,Criminal,final_merged_hindi_cleaned.csv,final_merged_hindi_cleaned.csv,181,utf-8-sig,False,False,False,31728,5773,29296,16K-32K,chunk_candidate,partial
CHG_CRI_000073,Hindi,Criminal,final_merged_hindi_cleaned.csv,final_merged_hindi_cleaned.csv,182,utf-8-sig,False,False,False,12097,2204,10949,8K-16K,chunk_candidate,partial
CHG_CRI_000074,Hindi,Criminal,final_merged_hindi_cleaned.csv,final_merged_hindi_cleaned.csv,183,utf-8-sig,False,False,False,7742,1397,6972,4K-8K,direct,partial
CHG_CRI_000075,Hindi,Criminal,final_merged_hindi_cleaned.csv,final_merged_hindi_cleaned.csv,184,utf-8-sig,False,False,False,1377,202,1269,0-4K,direct,partial
CHG_CRI_000076,Hindi,Criminal,final_merged_hindi_cleaned.csv,final_merged_hindi_cleaned.csv,185,utf-8-sig,False,False,False,5753,1014,5278,4K-8K,direct,partial
CHG_CRI_000077,Hindi,Criminal,final_merged_hindi_cleaned.csv,final_merged_hindi_cleaned.csv,186,utf-8-sig,False,False,False,9176,1692,8430,8K-16K,chunk_candidate,partial
CHG_CRI_000078,Hindi,Criminal,final_merged_hindi_cleaned.csv,final_merged_hindi_cleaned.csv,187,utf-8-sig,False,False,False,19689,3658,18039,16K-32K,chunk_candidate,partial
CHG_CRI_000079,Hindi,Criminal,final_merged_hindi_cleaned.csv,final_merged_hindi_cleaned.csv,188,utf-8-sig,False,False,False,14074,2498,12759,8K-16K,chunk_candidate,partial
CHG_CRI_000080,Hindi,Criminal,final_merged_hindi_cleaned.csv,final_merged_hindi_cleaned.csv,189,utf-8-sig,False,False,False,32759,5880,30193,16K-32K,chunk_candidate,all_missing
CHG_CRI_000081,Hindi,Criminal,final_merged_hindi_cleaned.csv,final_merged_hindi_cleaned.csv,190,utf-8-sig,False,False,False,12947,2419,11796,8K-16K,chunk_candidate,partial
CHG_CRI_000082,Hindi,Criminal,final_merged_hindi_cleaned.csv,final_merged_hindi_cleaned.csv,191,utf-8-sig,False,False,False,13983,2588,12769,8K-16K,chunk_candidate,partial
CHG_CRI_000083,Hindi,Criminal,final_merged_hindi_cleaned.csv,final_merged_hindi_cleaned.csv,192,utf-8-sig,False,False,False,11940,2277,10874,8K-16K,chunk_candidate,partial
CHG_CRI_000084,Hindi,Criminal,final_merged_hindi_cleaned.csv,final_merged_hindi_cleaned.csv,193,utf-8-sig,False,False,False,17985,3512,16238,16K-32K,chunk_candidate,partial
PAT_CON_000002,Hindi,Constitutional,final_merged_hindi_cleaned.csv,final_merged_hindi_cleaned.csv,194,utf-8-sig,False,False,False,1813,319,1678,0-4K,direct,partial
PAT_CON_000003,Hindi,Constitutional,final_merged_hindi_cleaned.csv,final_merged_hindi_cleaned.csv,195,utf-8-sig,False,False,False,3713,710,3431,0-4K,direct,partial
PAT_CON_000005,Hindi,Constitutional,final_merged_hindi_cleaned.csv,final_merged_hindi_cleaned.csv,196,utf-8-sig,False,False,False,3739,660,3439,0-4K,direct,partial
PAT_CON_000006,Hindi,Constitutional,final_merged_hindi_cleaned.csv,final_merged_hindi_cleaned.csv,197,utf-8-sig,False,False,False,2524,430,2338,0-4K,direct,partial
PAT_CON_000009,Hindi,Constitutional,final_merged_hindi_cleaned.csv,final_merged_hindi_cleaned.csv,198,utf-8-sig,False,False,False,2037,349,1881,0-4K,direct,partial
PAT_CON_000010,Hindi,Constitutional,final_merged_hindi_cleaned.csv,final_merged_hindi_cleaned.csv,199,utf-8-sig,False,False,False,4676,815,4277,4K-8K,direct,partial
PAT_CON_000012,Hindi,Constitutional,final_merged_hindi_cleaned.csv,final_merged_hindi_cleaned.csv,200,utf-8-sig,False,False,False,2009,349,1876,0-4K,direct,partial
ALB_ADM_000001,Hindi,Administrative,final_merged_hindi_cleaned.csv,final_merged_hindi_cleaned.csv,201,utf-8-sig,False,False,False,1767,317,1613,0-4K,direct,partial
ALB_CON_000002,Hindi,Constitutional,final_merged_hindi_cleaned.csv,final_merged_hindi_cleaned.csv,202,utf-8-sig,False,False,False,1171,204,969,0-4K,direct,partial
ALB_CON_000003,Hindi,Constitutional,final_merged_hindi_cleaned.csv,final_merged_hindi_cleaned.csv,203,utf-8-sig,False,False,False,1400,246,1069,0-4K,direct,partial
ALB_CON_000004,Hindi,Constitutional,final_merged_hindi_cleaned.csv,final_merged_hindi_cleaned.csv,204,utf-8-sig,False,False,False,1100,199,841,0-4K,direct,partial
ALL_CRIM_000001,Hindi,Criminal,final_merged_hindi_cleaned.csv,final_merged_hindi_cleaned.csv,205,utf-8-sig,False,False,False,2275,388,1886,0-4K,direct,partial
ALL_CRIM_000003,Hindi,Criminal,final_merged_hindi_cleaned.csv,final_merged_hindi_cleaned.csv,206,utf-8-sig,False,False,False,2586,474,2161,0-4K,direct,partial
ALL_CRIM_000004,Hindi,Criminal,final_merged_hindi_cleaned.csv,final_merged_hindi_cleaned.csv,207,utf-8-sig,False,False,False,3299,599,2878,0-4K,direct,partial
ALL_CRIM_000005,Hindi,Criminal,final_merged_hindi_cleaned.csv,final_merged_hindi_cleaned.csv,208,utf-8-sig,False,False,False,2024,356,1634,0-4K,direct,partial
ALL_CRIM_000006,Hindi,Criminal,final_merged_hindi_cleaned.csv,final_merged_hindi_cleaned.csv,209,utf-8-sig,False,False,False,2453,416,2067,0-4K,direct,partial
ALL_CRIM_000007,Hindi,Criminal,final_merged_hindi_cleaned.csv,final_merged_hindi_cleaned.csv,210,utf-8-sig,False,False,False,745,134,503,0-4K,direct,partial
ALL_CRIM_000008,Hindi,Criminal,final_merged_hindi_cleaned.csv,final_merged_hindi_cleaned.csv,211,utf-8-sig,False,False,False,2693,459,2219,0-4K,direct,partial
ALL_CRIM_000009,Hindi,Criminal,final_merged_hindi_cleaned.csv,final_merged_hindi_cleaned.csv,212,utf-8-sig,False,False,False,1887,334,1513,0-4K,direct,partial
ALL_CRIM_000010,Hindi,Criminal,final_merged_hindi_cleaned.csv,final_merged_hindi_cleaned.csv,213,utf-8-sig,False,False,False,1940,336,1608,0-4K,direct,partial
ALL_CRIM_000011,Hindi,Criminal,final_merged_hindi_cleaned.csv,final_merged_hindi_cleaned.csv,214,utf-8-sig,False,False,False,3901,698,3388,0-4K,direct,partial
ALL_CRIM_000012,Hindi,Criminal,final_merged_hindi_cleaned.csv,final_merged_hindi_cleaned.csv,215,utf-8-sig,False,False,False,3891,719,3398,0-4K,direct,partial
ALL_CRIM_000013,Hindi,Criminal,final_merged_hindi_cleaned.csv,final_merged_hindi_cleaned.csv,216,utf-8-sig,False,False,False,2665,459,1917,0-4K,direct,partial
ALL_CRIM_000014,Hindi,Criminal,final_merged_hindi_cleaned.csv,final_merged_hindi_cleaned.csv,217,utf-8-sig,False,False,False,3070,534,2636,0-4K,direct,partial
ALL_CRIM_000015,Hindi,Criminal,final_merged_hindi_cleaned.csv,final_merged_hindi_cleaned.csv,218,utf-8-sig,False,False,False,3673,661,3169,0-4K,direct,partial
ALL_CRIM_000016,Hindi,Criminal,final_merged_hindi_cleaned.csv,final_merged_hindi_cleaned.csv,219,utf-8-sig,False,False,False,2193,401,1651,0-4K,direct,partial
ALL_CRIM_000017,Hindi,Criminal,final_merged_hindi_cleaned.csv,final_merged_hindi_cleaned.csv,220,utf-8-sig,False,False,False,4645,870,4035,4K-8K,direct,partial
ALL_CRIM_000019,Hindi,Criminal,final_merged_hindi_cleaned.csv,final_merged_hindi_cleaned.csv,221,utf-8-sig,False,False,False,2162,367,1763,0-4K,direct,partial
ALL_CRIM_000021,Hindi,Criminal,final_merged_hindi_cleaned.csv,final_merged_hindi_cleaned.csv,222,utf-8-sig,False,False,False,2062,358,1720,0-4K,direct,partial
ALL_CRIM_000022,Hindi,Criminal,final_merged_hindi_cleaned.csv,final_merged_hindi_cleaned.csv,223,utf-8-sig,False,False,False,1959,334,1588,0-4K,direct,partial
ALL_CRIM_000023,Hindi,Criminal,final_merged_hindi_cleaned.csv,final_merged_hindi_cleaned.csv,224,utf-8-sig,False,False,False,2473,449,2071,0-4K,direct,partial
ALL_CRIM_000024,Hindi,Criminal,final_merged_hindi_cleaned.csv,final_merged_hindi_cleaned.csv,225,utf-8-sig,False,False,False,2782,474,2354,0-4K,direct,partial
ALL_CRIM_000025,Hindi,Criminal,final_merged_hindi_cleaned.csv,final_merged_hindi_cleaned.csv,226,utf-8-sig,False,False,False,3895,714,3347,0-4K,direct,partial
ALL_CRIM_000026,Hindi,Criminal,final_merged_hindi_cleaned.csv,final_merged_hindi_cleaned.csv,227,utf-8-sig,False,False,False,3418,614,2941,0-4K,direct,partial
ALL_CRIM_000027,Hindi,Criminal,final_merged_hindi_cleaned.csv,final_merged_hindi_cleaned.csv,228,utf-8-sig,False,False,False,4358,814,3805,0-4K,direct,partial
ALL_CRIM_000028,Hindi,Criminal,final_merged_hindi_cleaned.csv,final_merged_hindi_cleaned.csv,229,utf-8-sig,False,False,False,1743,294,1381,0-4K,direct,partial
ALL_CRIM_000029,Hindi,Criminal,final_merged_hindi_cleaned.csv,final_merged_hindi_cleaned.csv,230,utf-8-sig,False,False,False,2000,358,1490,0-4K,direct,partial
ALL_CRIM_000030,Hindi,Criminal,final_merged_hindi_cleaned.csv,final_merged_hindi_cleaned.csv,231,utf-8-sig,False,False,False,3493,647,2992,0-4K,direct,partial
ALL_CRIM_000032,Hindi,Criminal,final_merged_hindi_cleaned.csv,final_merged_hindi_cleaned.csv,232,utf-8-sig,False,False,False,1979,354,1483,0-4K,direct,partial
ALL_CRIM_000033,Hindi,Criminal,final_merged_hindi_cleaned.csv,final_merged_hindi_cleaned.csv,233,utf-8-sig,False,False,False,3648,665,3148,0-4K,direct,partial
ALL_CRIM_000034,Hindi,Criminal,final_merged_hindi_cleaned.csv,final_merged_hindi_cleaned.csv,234,utf-8-sig,False,False,False,4048,751,3545,0-4K,direct,partial
ALL_CRIM_000035,Hindi,Criminal,final_merged_hindi_cleaned.csv,final_merged_hindi_cleaned.csv,235,utf-8-sig,False,False,False,4062,737,3553,0-4K,direct,partial
ALL_CRIM_000037,Hindi,Criminal,final_merged_hindi_cleaned.csv,final_merged_hindi_cleaned.csv,236,utf-8-sig,False,False,False,2144,392,1662,0-4K,direct,partial
ALL_CRIM_000039,Hindi,Criminal,final_merged_hindi_cleaned.csv,final_merged_hindi_cleaned.csv,237,utf-8-sig,False,False,False,3448,618,2986,0-4K,direct,partial
ALL_CRIM_000041,Hindi,Criminal,final_merged_hindi_cleaned.csv,final_merged_hindi_cleaned.csv,238,utf-8-sig,False,False,False,1687,290,1328,0-4K,direct,partial
ALL_CRIM_000042,Hindi,Criminal,final_merged_hindi_cleaned.csv,final_merged_hindi_cleaned.csv,239,utf-8-sig,False,False,False,1801,308,1499,0-4K,direct,partial
ALL_CRIM_000043,Hindi,Criminal,final_merged_hindi_cleaned.csv,final_merged_hindi_cleaned.csv,240,utf-8-sig,False,False,False,3775,699,3269,0-4K,direct,partial
ALL_CRIM_000044,Hindi,Criminal,final_merged_hindi_cleaned.csv,final_merged_hindi_cleaned.csv,241,utf-8-sig,False,False,False,3940,710,3419,0-4K,direct,partial
ALL_CRIM_000045,Hindi,Criminal,final_merged_hindi_cleaned.csv,final_merged_hindi_cleaned.csv,242,utf-8-sig,False,False,False,4616,811,4006,4K-8K,direct,partial
ALL_CRIM_000046,Hindi,Criminal,final_merged_hindi_cleaned.csv,final_merged_hindi_cleaned.csv,243,utf-8-sig,False,False,False,2611,511,2185,0-4K,direct,partial
ALL_CRIM_000048,Hindi,Criminal,final_merged_hindi_cleaned.csv,final_merged_hindi_cleaned.csv,244,utf-8-sig,False,False,False,4340,802,3815,0-4K,direct,partial
ALL_CRIM_000049,Hindi,Criminal,final_merged_hindi_cleaned.csv,final_merged_hindi_cleaned.csv,245,utf-8-sig,False,False,False,3752,662,3250,0-4K,direct,partial
ALL_CRIM_000050,Hindi,Criminal,final_merged_hindi_cleaned.csv,final_merged_hindi_cleaned.csv,246,utf-8-sig,False,False,False,1712,301,1329,0-4K,direct,partial
ALL_CRIM_000051,Hindi,Criminal,final_merged_hindi_cleaned.csv,final_merged_hindi_cleaned.csv,247,utf-8-sig,False,False,False,2004,336,1636,0-4K,direct,partial
ALL_CRIM_000053,Hindi,Criminal,final_merged_hindi_cleaned.csv,final_merged_hindi_cleaned.csv,248,utf-8-sig,False,False,False,2176,363,1791,0-4K,direct,partial
ALL_CRIM_000055,Hindi,Criminal,final_merged_hindi_cleaned.csv,final_merged_hindi_cleaned.csv,249,utf-8-sig,False,False,False,3751,690,3202,0-4K,direct,partial
ALL_CRIM_000058,Hindi,Criminal,final_merged_hindi_cleaned.csv,final_merged_hindi_cleaned.csv,250,utf-8-sig,False,False,False,2329,421,1964,0-4K,direct,partial
ALL_CRIM_000059,Hindi,Criminal,final_merged_hindi_cleaned.csv,final_merged_hindi_cleaned.csv,251,utf-8-sig,False,False,False,4248,793,3706,0-4K,direct,partial
ALL_CRIM_000060,Hindi,Criminal,final_merged_hindi_cleaned.csv,final_merged_hindi_cleaned.csv,252,utf-8-sig,False,False,False,2159,358,1810,0-4K,direct,partial
ALL_CRIM_000061,Hindi,Criminal,final_merged_hindi_cleaned.csv,final_merged_hindi_cleaned.csv,253,utf-8-sig,False,False,False,2151,364,1753,0-4K,direct,partial
ALL_CRIM_000062,Hindi,Criminal,final_merged_hindi_cleaned.csv,final_merged_hindi_cleaned.csv,254,utf-8-sig,False,False,False,3598,659,3115,0-4K,direct,partial
ALL_CRIM_000063,Hindi,Criminal,final_merged_hindi_cleaned.csv,final_merged_hindi_cleaned.csv,255,utf-8-sig,False,False,False,2099,349,1711,0-4K,direct,partial
ALL_CRIM_000064,Hindi,Criminal,final_merged_hindi_cleaned.csv,final_merged_hindi_cleaned.csv,256,utf-8-sig,False,False,False,3295,561,2836,0-4K,direct,partial
ALL_CRIM_000065,Hindi,Criminal,final_merged_hindi_cleaned.csv,final_merged_hindi_cleaned.csv,257,utf-8-sig,False,False,False,2120,359,1752,0-4K,direct,partial
ALL_CRIM_000066,Hindi,Criminal,final_merged_hindi_cleaned.csv,final_merged_hindi_cleaned.csv,258,utf-8-sig,False,False,False,2106,376,1588,0-4K,direct,partial
ALL_CRIM_000068,Hindi,Criminal,final_merged_hindi_cleaned.csv,final_merged_hindi_cleaned.csv,259,utf-8-sig,False,False,False,1987,338,1613,0-4K,direct,partial
ALL_CRIM_000070,Hindi,Criminal,final_merged_hindi_cleaned.csv,final_merged_hindi_cleaned.csv,260,utf-8-sig,False,False,False,2190,394,1804,0-4K,direct,partial
ALL_CRIM_000071,Hindi,Criminal,final_merged_hindi_cleaned.csv,final_merged_hindi_cleaned.csv,261,utf-8-sig,False,False,False,4108,764,3599,0-4K,direct,partial
ALL_CRIM_000072,Hindi,Criminal,final_merged_hindi_cleaned.csv,final_merged_hindi_cleaned.csv,262,utf-8-sig,False,False,False,4995,898,4395,4K-8K,direct,partial
ALL_CRIM_000073,Hindi,Criminal,final_merged_hindi_cleaned.csv,final_merged_hindi_cleaned.csv,263,utf-8-sig,False,False,False,6350,1220,5678,4K-8K,direct,partial
ALL_CRIM_000074,Hindi,Criminal,final_merged_hindi_cleaned.csv,final_merged_hindi_cleaned.csv,264,utf-8-sig,False,False,False,1967,355,1463,0-4K,direct,partial
ALL_CRIM_000075,Hindi,Criminal,final_merged_hindi_cleaned.csv,final_merged_hindi_cleaned.csv,265,utf-8-sig,False,False,False,2487,459,2098,0-4K,direct,partial
ALL_CRIM_000076,Hindi,Criminal,final_merged_hindi_cleaned.csv,final_merged_hindi_cleaned.csv,266,utf-8-sig,False,False,False,3106,600,2703,0-4K,direct,partial
ALL_CRIM_000077,Hindi,Criminal,final_merged_hindi_cleaned.csv,final_merged_hindi_cleaned.csv,267,utf-8-sig,False,False,False,1871,309,1545,0-4K,direct,partial
ALL_CRIM_000078,Hindi,Criminal,final_merged_hindi_cleaned.csv,final_merged_hindi_cleaned.csv,268,utf-8-sig,False,False,False,3724,689,3241,0-4K,direct,partial
ALL_CRIM_000079,Hindi,Criminal,final_merged_hindi_cleaned.csv,final_merged_hindi_cleaned.csv,269,utf-8-sig,False,False,False,2650,451,1837,0-4K,direct,partial
ALL_CRIM_000080,Hindi,Criminal,final_merged_hindi_cleaned.csv,final_merged_hindi_cleaned.csv,270,utf-8-sig,False,False,False,2672,503,2288,0-4K,direct,partial
ALL_CRIM_000081,Hindi,Criminal,final_merged_hindi_cleaned.csv,final_merged_hindi_cleaned.csv,271,utf-8-sig,False,False,False,2013,356,1484,0-4K,direct,partial
ALL_CRIM_000082,Hindi,Criminal,final_merged_hindi_cleaned.csv,final_merged_hindi_cleaned.csv,272,utf-8-sig,False,False,False,3661,633,3150,0-4K,direct,partial
ALL_CRIM_000083,Hindi,Criminal,final_merged_hindi_cleaned.csv,final_merged_hindi_cleaned.csv,273,utf-8-sig,False,False,False,3329,580,2934,0-4K,direct,partial
ALL_CRIM_000085,Hindi,Criminal,final_merged_hindi_cleaned.csv,final_merged_hindi_cleaned.csv,274,utf-8-sig,False,False,False,3351,553,2849,0-4K,direct,partial
ALL_CRIM_000086,Hindi,Criminal,final_merged_hindi_cleaned.csv,final_merged_hindi_cleaned.csv,275,utf-8-sig,False,False,False,2912,506,2423,0-4K,direct,partial
ALL_CRIM_000087,Hindi,Criminal,final_merged_hindi_cleaned.csv,final_merged_hindi_cleaned.csv,276,utf-8-sig,False,False,False,1804,309,1464,0-4K,direct,partial
ALL_CRIM_000088,Hindi,Criminal,final_merged_hindi_cleaned.csv,final_merged_hindi_cleaned.csv,277,utf-8-sig,False,False,False,5283,981,4673,4K-8K,direct,partial
ALL_CRIM_000089,Hindi,Criminal,final_merged_hindi_cleaned.csv,final_merged_hindi_cleaned.csv,278,utf-8-sig,False,False,False,2062,371,1541,0-4K,direct,partial
ALL_CRIM_000090,Hindi,Criminal,final_merged_hindi_cleaned.csv,final_merged_hindi_cleaned.csv,279,utf-8-sig,False,False,False,3877,716,3348,0-4K,direct,partial
ALL_CRIM_000091,Hindi,Criminal,final_merged_hindi_cleaned.csv,final_merged_hindi_cleaned.csv,280,utf-8-sig,False,False,False,2319,394,1904,0-4K,direct,partial
ALL_CRIM_000092,Hindi,Criminal,final_merged_hindi_cleaned.csv,final_merged_hindi_cleaned.csv,281,utf-8-sig,False,False,False,1819,309,1462,0-4K,direct,partial
ALL_CRIM_000093,Hindi,Criminal,final_merged_hindi_cleaned.csv,final_merged_hindi_cleaned.csv,282,utf-8-sig,False,False,False,2132,370,1770,0-4K,direct,partial
ALL_CRIM_000095,Hindi,Criminal,final_merged_hindi_cleaned.csv,final_merged_hindi_cleaned.csv,283,utf-8-sig,False,False,False,3614,689,3153,0-4K,direct,partial
ALL_CRIM_000096,Hindi,Criminal,final_merged_hindi_cleaned.csv,final_merged_hindi_cleaned.csv,284,utf-8-sig,False,False,False,3530,636,3042,0-4K,direct,partial
ALL_CRIM_000097,Hindi,Criminal,final_merged_hindi_cleaned.csv,final_merged_hindi_cleaned.csv,285,utf-8-sig,False,False,False,3064,515,2605,0-4K,direct,partial
ALL_CRIM_000098,Hindi,Criminal,final_merged_hindi_cleaned.csv,final_merged_hindi_cleaned.csv,286,utf-8-sig,False,False,False,2249,385,1837,0-4K,direct,partial
ALL_CRIM_000099,Hindi,Criminal,final_merged_hindi_cleaned.csv,final_merged_hindi_cleaned.csv,287,utf-8-sig,False,False,False,3569,630,3051,0-4K,direct,partial
ALL_CRIM_000100,Hindi,Criminal,final_merged_hindi_cleaned.csv,final_merged_hindi_cleaned.csv,288,utf-8-sig,False,False,False,2331,387,1950,0-4K,direct,partial
ALL_CRIM_000103,Hindi,Criminal,final_merged_hindi_cleaned.csv,final_merged_hindi_cleaned.csv,289,utf-8-sig,False,False,False,1532,253,1205,0-4K,direct,partial
ALL_CRIM_000105,Hindi,Criminal,final_merged_hindi_cleaned.csv,final_merged_hindi_cleaned.csv,290,utf-8-sig,False,False,False,3533,614,3034,0-4K,direct,partial
ALL_CRIM_000106,Hindi,Criminal,final_merged_hindi_cleaned.csv,final_merged_hindi_cleaned.csv,291,utf-8-sig,False,False,False,2084,374,1565,0-4K,direct,partial
ALL_CRIM_000107,Hindi,Criminal,final_merged_hindi_cleaned.csv,final_merged_hindi_cleaned.csv,292,utf-8-sig,False,False,False,2311,401,1910,0-4K,direct,partial
ALL_CRIM_000108,Hindi,Criminal,final_merged_hindi_cleaned.csv,final_merged_hindi_cleaned.csv,293,utf-8-sig,False,False,False,4260,817,3721,0-4K,direct,partial
ALL_CRIM_000110,Hindi,Criminal,final_merged_hindi_cleaned.csv,final_merged_hindi_cleaned.csv,294,utf-8-sig,False,False,False,1968,351,1449,0-4K,direct,partial
ALL_CRIM_000112,Hindi,Criminal,final_merged_hindi_cleaned.csv,final_merged_hindi_cleaned.csv,295,utf-8-sig,False,False,False,1931,358,1579,0-4K,direct,partial
ALL_CRIM_000113,Hindi,Criminal,final_merged_hindi_cleaned.csv,final_merged_hindi_cleaned.csv,296,utf-8-sig,False,False,False,1846,312,1547,0-4K,direct,partial
ALL_CRIM_000114,Hindi,Criminal,final_merged_hindi_cleaned.csv,final_merged_hindi_cleaned.csv,297,utf-8-sig,False,False,False,3000,502,2119,0-4K,direct,partial
ALL_CRIM_000115,Hindi,Criminal,final_merged_hindi_cleaned.csv,final_merged_hindi_cleaned.csv,298,utf-8-sig,False,False,False,2216,404,1672,0-4K,direct,partial
ALL_CRIM_000116,Hindi,Criminal,final_merged_hindi_cleaned.csv,final_merged_hindi_cleaned.csv,299,utf-8-sig,False,False,False,2187,364,1825,0-4K,direct,partial
ALL_CRIM_000119,Hindi,Criminal,final_merged_hindi_cleaned.csv,final_merged_hindi_cleaned.csv,300,utf-8-sig,False,False,False,1930,341,1577,0-4K,direct,partial
ALL_CRIM_000120,Hindi,Criminal,final_merged_hindi_cleaned.csv,final_merged_hindi_cleaned.csv,301,utf-8-sig,False,False,False,2605,437,1957,0-4K,direct,partial
ALL_CRIM_000122,Hindi,Criminal,final_merged_hindi_cleaned.csv,final_merged_hindi_cleaned.csv,302,utf-8-sig,False,False,False,2953,480,1792,0-4K,direct,partial
ALL_CRIM_000123,Hindi,Criminal,final_merged_hindi_cleaned.csv,final_merged_hindi_cleaned.csv,303,utf-8-sig,False,False,False,3729,648,3195,0-4K,direct,partial
ALL_CRIM_000124,Hindi,Criminal,final_merged_hindi_cleaned.csv,final_merged_hindi_cleaned.csv,304,utf-8-sig,False,False,False,2487,472,2100,0-4K,direct,partial
ALL_CRIM_000125,Hindi,Criminal,final_merged_hindi_cleaned.csv,final_merged_hindi_cleaned.csv,305,utf-8-sig,False,False,False,1816,307,1438,0-4K,direct,partial
ALL_CRIM_000126,Hindi,Criminal,final_merged_hindi_cleaned.csv,final_merged_hindi_cleaned.csv,306,utf-8-sig,False,False,False,3909,710,3367,0-4K,direct,partial
ALL_CRIM_000127,Hindi,Criminal,final_merged_hindi_cleaned.csv,final_merged_hindi_cleaned.csv,307,utf-8-sig,False,False,False,2353,405,1952,0-4K,direct,partial
ALL_CRIM_000128,Hindi,Criminal,final_merged_hindi_cleaned.csv,final_merged_hindi_cleaned.csv,308,utf-8-sig,False,False,False,1999,341,1641,0-4K,direct,partial
ALL_CRIM_000129,Hindi,Criminal,final_merged_hindi_cleaned.csv,final_merged_hindi_cleaned.csv,309,utf-8-sig,False,False,False,4564,859,3873,0-4K,direct,partial
ALL_CRIM_000130,Hindi,Criminal,final_merged_hindi_cleaned.csv,final_merged_hindi_cleaned.csv,310,utf-8-sig,False,False,False,2725,536,2301,0-4K,direct,partial
ALL_CRIM_000131,Hindi,Criminal,final_merged_hindi_cleaned.csv,final_merged_hindi_cleaned.csv,311,utf-8-sig,False,False,False,1829,307,1459,0-4K,direct,partial
ALL_CRIM_000132,Hindi,Criminal,final_merged_hindi_cleaned.csv,final_merged_hindi_cleaned.csv,312,utf-8-sig,False,False,False,3600,670,3083,0-4K,direct,partial
ALL_CRIM_000133,Hindi,Criminal,final_merged_hindi_cleaned.csv,final_merged_hindi_cleaned.csv,313,utf-8-sig,False,False,False,3657,660,3164,0-4K,direct,partial
ALL_CRIM_000135,Hindi,Criminal,final_merged_hindi_cleaned.csv,final_merged_hindi_cleaned.csv,314,utf-8-sig,False,False,False,2089,351,1709,0-4K,direct,partial
ALL_CRIM_000136,Hindi,Criminal,final_merged_hindi_cleaned.csv,final_merged_hindi_cleaned.csv,315,utf-8-sig,False,False,False,2822,488,2377,0-4K,direct,partial
ALL_CRIM_000137,Hindi,Criminal,final_merged_hindi_cleaned.csv,final_merged_hindi_cleaned.csv,316,utf-8-sig,False,False,False,3505,656,3058,0-4K,direct,partial
ALL_CRIM_000138,Hindi,Criminal,final_merged_hindi_cleaned.csv,final_merged_hindi_cleaned.csv,317,utf-8-sig,False,False,False,1718,299,1394,0-4K,direct,partial
ALL_CRIM_000139,Hindi,Criminal,final_merged_hindi_cleaned.csv,final_merged_hindi_cleaned.csv,318,utf-8-sig,False,False,False,4649,812,4028,4K-8K,direct,partial
ALL_CRIM_000140,Hindi,Criminal,final_merged_hindi_cleaned.csv,final_merged_hindi_cleaned.csv,319,utf-8-sig,False,False,False,2126,368,1746,0-4K,direct,partial
ALL_CRIM_000141,Hindi,Criminal,final_merged_hindi_cleaned.csv,final_merged_hindi_cleaned.csv,320,utf-8-sig,False,False,False,1251,220,931,0-4K,direct,partial
ALL_CRIM_000142,Hindi,Criminal,final_merged_hindi_cleaned.csv,final_merged_hindi_cleaned.csv,321,utf-8-sig,False,False,False,4822,871,4198,4K-8K,direct,partial
ALL_CRIM_000143,Hindi,Criminal,final_merged_hindi_cleaned.csv,final_merged_hindi_cleaned.csv,322,utf-8-sig,False,False,False,2723,519,2339,0-4K,direct,partial
ALL_CRIM_000144,Hindi,Criminal,final_merged_hindi_cleaned.csv,final_merged_hindi_cleaned.csv,323,utf-8-sig,False,False,False,2545,432,2122,0-4K,direct,partial
ALL_CRIM_000145,Hindi,Criminal,final_merged_hindi_cleaned.csv,final_merged_hindi_cleaned.csv,324,utf-8-sig,False,False,False,4246,771,3754,0-4K,direct,partial
ALL_CRIM_000146,Hindi,Criminal,final_merged_hindi_cleaned.csv,final_merged_hindi_cleaned.csv,325,utf-8-sig,False,False,False,1963,355,1447,0-4K,direct,partial
ALL_CRIM_000147,Hindi,Criminal,final_merged_hindi_cleaned.csv,final_merged_hindi_cleaned.csv,326,utf-8-sig,False,False,False,2674,516,2228,0-4K,direct,partial
ALL_CRIM_000148,Hindi,Criminal,final_merged_hindi_cleaned.csv,final_merged_hindi_cleaned.csv,327,utf-8-sig,False,False,False,3695,678,3184,0-4K,direct,partial
ALL_CRIM_000149,Hindi,Criminal,final_merged_hindi_cleaned.csv,final_merged_hindi_cleaned.csv,328,utf-8-sig,False,False,False,3423,579,2966,0-4K,direct,partial
ALL_CRIM_000152,Hindi,Criminal,final_merged_hindi_cleaned.csv,final_merged_hindi_cleaned.csv,329,utf-8-sig,False,False,False,1883,313,1530,0-4K,direct,partial
ALL_CRIM_000153,Hindi,Criminal,final_merged_hindi_cleaned.csv,final_merged_hindi_cleaned.csv,330,utf-8-sig,False,False,False,2077,353,1679,0-4K,direct,partial
ALL_CRIM_000154,Hindi,Criminal,final_merged_hindi_cleaned.csv,final_merged_hindi_cleaned.csv,331,utf-8-sig,False,False,False,9070,1657,8084,8K-16K,chunk_candidate,partial
ALL_CRIM_000155,Hindi,Criminal,final_merged_hindi_cleaned.csv,final_merged_hindi_cleaned.csv,332,utf-8-sig,False,False,False,3855,708,3360,0-4K,direct,partial
ALL_CRIM_000156,Hindi,Criminal,final_merged_hindi_cleaned.csv,final_merged_hindi_cleaned.csv,333,utf-8-sig,False,False,False,2110,360,1750,0-4K,direct,partial
ALL_CRIM_000157,Hindi,Criminal,final_merged_hindi_cleaned.csv,final_merged_hindi_cleaned.csv,334,utf-8-sig,False,False,False,1372,234,1091,0-4K,direct,partial
ALL_CRIM_000158,Hindi,Criminal,final_merged_hindi_cleaned.csv,final_merged_hindi_cleaned.csv,335,utf-8-sig,False,False,False,2062,348,1649,0-4K,direct,partial
ALL_CRIM_000159,Hindi,Criminal,final_merged_hindi_cleaned.csv,final_merged_hindi_cleaned.csv,336,utf-8-sig,False,False,False,3108,542,2664,0-4K,direct,partial
ALL_CRIM_000160,Hindi,Criminal,final_merged_hindi_cleaned.csv,final_merged_hindi_cleaned.csv,337,utf-8-sig,False,False,False,2156,363,1761,0-4K,direct,partial
ALL_CRIM_000161,Hindi,Criminal,final_merged_hindi_cleaned.csv,final_merged_hindi_cleaned.csv,338,utf-8-sig,False,False,False,3054,556,2652,0-4K,direct,partial
ALL_CRIM_000162,Hindi,Criminal,final_merged_hindi_cleaned.csv,final_merged_hindi_cleaned.csv,339,utf-8-sig,False,False,False,2265,399,1858,0-4K,direct,partial
ALL_CRIM_000163,Hindi,Criminal,final_merged_hindi_cleaned.csv,final_merged_hindi_cleaned.csv,340,utf-8-sig,False,False,False,4314,759,3720,0-4K,direct,partial
ALL_CRIM_000164,Hindi,Criminal,final_merged_hindi_cleaned.csv,final_merged_hindi_cleaned.csv,341,utf-8-sig,False,False,False,1281,229,1017,0-4K,direct,partial
ALL_CRIM_000165,Hindi,Criminal,final_merged_hindi_cleaned.csv,final_merged_hindi_cleaned.csv,342,utf-8-sig,False,False,False,3338,603,2873,0-4K,direct,partial
ALL_CRIM_000166,Hindi,Criminal,final_merged_hindi_cleaned.csv,final_merged_hindi_cleaned.csv,343,utf-8-sig,False,False,False,2152,358,1763,0-4K,direct,partial
ALL_CRIM_000167,Hindi,Criminal,final_merged_hindi_cleaned.csv,final_merged_hindi_cleaned.csv,344,utf-8-sig,False,False,False,3454,589,2972,0-4K,direct,partial
ALL_CRIM_000168,Hindi,Criminal,final_merged_hindi_cleaned.csv,final_merged_hindi_cleaned.csv,345,utf-8-sig,False,False,False,2774,474,2336,0-4K,direct,partial
ALL_CRIM_000169,Hindi,Criminal,final_merged_hindi_cleaned.csv,final_merged_hindi_cleaned.csv,346,utf-8-sig,False,False,False,2710,509,2301,0-4K,direct,partial
ALL_CRIM_000171,Hindi,Criminal,final_merged_hindi_cleaned.csv,final_merged_hindi_cleaned.csv,347,utf-8-sig,False,False,False,3926,715,3408,0-4K,direct,partial
ALL_CRIM_000173,Hindi,Criminal,final_merged_hindi_cleaned.csv,final_merged_hindi_cleaned.csv,348,utf-8-sig,False,False,False,3931,720,3377,0-4K,direct,partial
ALL_CRIM_000174,Hindi,Criminal,final_merged_hindi_cleaned.csv,final_merged_hindi_cleaned.csv,349,utf-8-sig,False,False,False,2140,368,1771,0-4K,direct,partial
ALL_CRIM_000175,Hindi,Criminal,final_merged_hindi_cleaned.csv,final_merged_hindi_cleaned.csv,350,utf-8-sig,False,False,False,1343,246,1055,0-4K,direct,partial
ALL_CRIM_000178,Hindi,Criminal,final_merged_hindi_cleaned.csv,final_merged_hindi_cleaned.csv,351,utf-8-sig,False,False,False,3864,727,3382,0-4K,direct,partial
ALL_CRIM_000179,Hindi,Criminal,final_merged_hindi_cleaned.csv,final_merged_hindi_cleaned.csv,352,utf-8-sig,False,False,False,2642,472,2230,0-4K,direct,partial
ALL_CRIM_000180,Hindi,Criminal,final_merged_hindi_cleaned.csv,final_merged_hindi_cleaned.csv,353,utf-8-sig,False,False,False,3882,738,3338,0-4K,direct,partial
ALL_CRIM_000181,Hindi,Criminal,final_merged_hindi_cleaned.csv,final_merged_hindi_cleaned.csv,354,utf-8-sig,False,False,False,3174,574,2735,0-4K,direct,partial
ALL_CRIM_000182,Hindi,Criminal,final_merged_hindi_cleaned.csv,final_merged_hindi_cleaned.csv,355,utf-8-sig,False,False,False,2017,338,1604,0-4K,direct,partial
ALL_CRIM_000183,Hindi,Criminal,final_merged_hindi_cleaned.csv,final_merged_hindi_cleaned.csv,356,utf-8-sig,False,False,False,3401,618,2939,0-4K,direct,partial
ALL_CRIM_000184,Hindi,Criminal,final_merged_hindi_cleaned.csv,final_merged_hindi_cleaned.csv,357,utf-8-sig,False,False,False,2793,520,2318,0-4K,direct,partial
ALL_CRIM_000185,Hindi,Criminal,final_merged_hindi_cleaned.csv,final_merged_hindi_cleaned.csv,358,utf-8-sig,False,False,False,2234,380,1792,0-4K,direct,partial
ALL_CRIM_000186,Hindi,Criminal,final_merged_hindi_cleaned.csv,final_merged_hindi_cleaned.csv,359,utf-8-sig,False,False,False,2095,360,1723,0-4K,direct,partial
ALL_CRIM_000187,Hindi,Criminal,final_merged_hindi_cleaned.csv,final_merged_hindi_cleaned.csv,360,utf-8-sig,False,False,False,1693,296,1345,0-4K,direct,partial
ALL_CRIM_000188,Hindi,Criminal,final_merged_hindi_cleaned.csv,final_merged_hindi_cleaned.csv,361,utf-8-sig,False,False,False,5486,963,4834,4K-8K,direct,partial
ALL_CRIM_000190,Hindi,Criminal,final_merged_hindi_cleaned.csv,final_merged_hindi_cleaned.csv,362,utf-8-sig,False,False,False,1970,357,1439,0-4K,direct,partial
ALL_CRIM_000191,Hindi,Criminal,final_merged_hindi_cleaned.csv,final_merged_hindi_cleaned.csv,363,utf-8-sig,False,False,False,2042,349,1682,0-4K,direct,partial
ALL_CRIM_000192,Hindi,Criminal,final_merged_hindi_cleaned.csv,final_merged_hindi_cleaned.csv,364,utf-8-sig,False,False,False,2192,363,1822,0-4K,direct,partial
ALL_CRIM_000193,Hindi,Criminal,final_merged_hindi_cleaned.csv,final_merged_hindi_cleaned.csv,365,utf-8-sig,False,False,False,1336,218,1048,0-4K,direct,partial
ALL_CRIM_000195,Hindi,Criminal,final_merged_hindi_cleaned.csv,final_merged_hindi_cleaned.csv,366,utf-8-sig,False,False,False,1904,331,1546,0-4K,direct,partial
ALL_CRIM_000198,Hindi,Criminal,final_merged_hindi_cleaned.csv,final_merged_hindi_cleaned.csv,367,utf-8-sig,False,False,False,1868,323,1481,0-4K,direct,partial
ALL_CRIM_000199,Hindi,Criminal,final_merged_hindi_cleaned.csv,final_merged_hindi_cleaned.csv,368,utf-8-sig,False,False,False,2577,454,2135,0-4K,direct,partial
DEL_ADM_000001,Hindi,Administrative,final_merged_hindi_cleaned.csv,final_merged_hindi_cleaned.csv,369,utf-8-sig,False,False,False,3172,503,2911,0-4K,direct,partial
DEL_ADM_000002,Hindi,Administrative,final_merged_hindi_cleaned.csv,final_merged_hindi_cleaned.csv,370,utf-8-sig,False,False,False,30008,5419,27368,16K-32K,chunk_candidate,partial
DEL_ADM_000003,Hindi,Administrative,final_merged_hindi_cleaned.csv,final_merged_hindi_cleaned.csv,371,utf-8-sig,False,False,False,12135,2193,11059,8K-16K,chunk_candidate,partial
DEL_ADM_000004,Hindi,Administrative,final_merged_hindi_cleaned.csv,final_merged_hindi_cleaned.csv,372,utf-8-sig,False,False,False,10519,1876,9487,8K-16K,chunk_candidate,partial
DEL_ADM_000005,Hindi,Administrative,final_merged_hindi_cleaned.csv,final_merged_hindi_cleaned.csv,373,utf-8-sig,False,False,False,4421,790,4052,4K-8K,direct,partial
DEL_ADM_000006,Hindi,Administrative,final_merged_hindi_cleaned.csv,final_merged_hindi_cleaned.csv,374,utf-8-sig,False,False,False,2946,513,2650,0-4K,direct,partial
DEL_ADM_000008,Hindi,Administrative,final_merged_hindi_cleaned.csv,final_merged_hindi_cleaned.csv,375,utf-8-sig,False,False,False,8959,1576,8193,8K-16K,chunk_candidate,partial
DEL_ADM_000009,Hindi,Administrative,final_merged_hindi_cleaned.csv,final_merged_hindi_cleaned.csv,376,utf-8-sig,False,False,False,6164,1144,5548,4K-8K,direct,partial
DEL_ADM_000011,Hindi,Administrative,final_merged_hindi_cleaned.csv,final_merged_hindi_cleaned.csv,377,utf-8-sig,False,False,False,18499,3346,16990,16K-32K,chunk_candidate,partial
DEL_ADM_000012,Hindi,Administrative,final_merged_hindi_cleaned.csv,final_merged_hindi_cleaned.csv,378,utf-8-sig,False,False,False,2632,435,2366,0-4K,direct,partial
DEL_ADM_000013,Hindi,Administrative,final_merged_hindi_cleaned.csv,final_merged_hindi_cleaned.csv,379,utf-8-sig,False,False,False,10784,1932,9703,8K-16K,chunk_candidate,partial
DEL_ADM_000014,Hindi,Administrative,final_merged_hindi_cleaned.csv,final_merged_hindi_cleaned.csv,380,utf-8-sig,False,False,False,24005,4119,21714,16K-32K,chunk_candidate,partial
DEL_ADM_000015,Hindi,Administrative,final_merged_hindi_cleaned.csv,final_merged_hindi_cleaned.csv,381,utf-8-sig,False,False,False,18110,3114,16592,16K-32K,chunk_candidate,partial
DEL_ADM_000016,Hindi,Administrative,final_merged_hindi_cleaned.csv,final_merged_hindi_cleaned.csv,382,utf-8-sig,False,False,False,7142,1344,6221,4K-8K,direct,partial
DEL_ADM_000017,Hindi,Administrative,final_merged_hindi_cleaned.csv,final_merged_hindi_cleaned.csv,383,utf-8-sig,False,False,False,2345,391,2096,0-4K,direct,partial
DEL_ADM_000018,Hindi,Administrative,final_merged_hindi_cleaned.csv,final_merged_hindi_cleaned.csv,384,utf-8-sig,False,False,False,32759,6065,29880,16K-32K,chunk_candidate,all_missing
DEL_ADM_000019,Hindi,Administrative,final_merged_hindi_cleaned.csv,final_merged_hindi_cleaned.csv,385,utf-8-sig,False,False,False,2889,489,2597,0-4K,direct,partial
DEL_ADM_000020,Hindi,Administrative,final_merged_hindi_cleaned.csv,final_merged_hindi_cleaned.csv,386,utf-8-sig,False,False,False,20744,3748,18677,16K-32K,chunk_candidate,partial
DEL_ADM_000021,Hindi,Administrative,final_merged_hindi_cleaned.csv,final_merged_hindi_cleaned.csv,387,utf-8-sig,False,False,False,9722,1723,8621,8K-16K,chunk_candidate,partial
DEL_ADM_000022,Hindi,Administrative,final_merged_hindi_cleaned.csv,final_merged_hindi_cleaned.csv,388,utf-8-sig,False,False,False,23345,4479,21354,16K-32K,chunk_candidate,partial
DEL_ADM_000023,Hindi,Administrative,final_merged_hindi_cleaned.csv,final_merged_hindi_cleaned.csv,389,utf-8-sig,False,False,False,2701,442,2436,0-4K,direct,partial
DEL_ADM_000025,Hindi,Administrative,final_merged_hindi_cleaned.csv,final_merged_hindi_cleaned.csv,390,utf-8-sig,False,False,False,5308,906,4888,4K-8K,direct,partial
DEL_ADM_000026,Hindi,Administrative,final_merged_hindi_cleaned.csv,final_merged_hindi_cleaned.csv,391,utf-8-sig,False,False,False,14952,2572,13741,8K-16K,chunk_candidate,partial
DEL_ADM_000027,Hindi,Administrative,final_merged_hindi_cleaned.csv,final_merged_hindi_cleaned.csv,392,utf-8-sig,False,False,False,2475,416,2231,0-4K,direct,partial
DL_CIV_000002,Hindi,Civil,final_merged_hindi_cleaned.csv,final_merged_hindi_cleaned.csv,393,utf-8-sig,False,False,False,7435,1327,6722,4K-8K,direct,partial
DL_CIV_000003,Hindi,Civil,final_merged_hindi_cleaned.csv,final_merged_hindi_cleaned.csv,394,utf-8-sig,False,False,False,32759,5854,30025,16K-32K,chunk_candidate,all_missing
DL_CIV_000004,Hindi,Civil,final_merged_hindi_cleaned.csv,final_merged_hindi_cleaned.csv,395,utf-8-sig,False,False,False,31555,5706,28947,16K-32K,chunk_candidate,partial
DL_CIV_000005,Hindi,Civil,final_merged_hindi_cleaned.csv,final_merged_hindi_cleaned.csv,396,utf-8-sig,False,False,False,18568,3325,16852,16K-32K,chunk_candidate,partial
DL_CIV_000006,Hindi,Civil,final_merged_hindi_cleaned.csv,final_merged_hindi_cleaned.csv,397,utf-8-sig,False,False,False,32759,5943,30009,16K-32K,chunk_candidate,all_missing
DL_CIV_000007,Hindi,Civil,final_merged_hindi_cleaned.csv,final_merged_hindi_cleaned.csv,398,utf-8-sig,False,False,False,5758,1046,5247,4K-8K,direct,partial
DL_CIV_000008,Hindi,Civil,final_merged_hindi_cleaned.csv,final_merged_hindi_cleaned.csv,399,utf-8-sig,False,False,False,10994,1964,10068,8K-16K,chunk_candidate,partial
DEL_CON_000001,Hindi,Constitutional,final_merged_hindi_cleaned.csv,final_merged_hindi_cleaned.csv,400,utf-8-sig,False,False,False,3032,513,2768,0-4K,direct,partial
DEL_CON_000002,Hindi,Constitutional,final_merged_hindi_cleaned.csv,final_merged_hindi_cleaned.csv,401,utf-8-sig,False,False,False,12818,2340,11624,8K-16K,chunk_candidate,partial
DEL_CON_000003,Hindi,Constitutional,final_merged_hindi_cleaned.csv,final_merged_hindi_cleaned.csv,402,utf-8-sig,False,False,False,3254,552,2949,0-4K,direct,partial
DEL_CON_000004,Hindi,Constitutional,final_merged_hindi_cleaned.csv,final_merged_hindi_cleaned.csv,403,utf-8-sig,False,False,False,2614,439,2335,0-4K,direct,partial
DEL_CON_000005,Hindi,Constitutional,final_merged_hindi_cleaned.csv,final_merged_hindi_cleaned.csv,404,utf-8-sig,False,False,False,11395,2030,9872,8K-16K,chunk_candidate,partial
DEL_CON_000006,Hindi,Constitutional,final_merged_hindi_cleaned.csv,final_merged_hindi_cleaned.csv,405,utf-8-sig,False,False,False,8787,1558,7930,4K-8K,chunk_candidate,partial
DEL_CON_000007,Hindi,Constitutional,final_merged_hindi_cleaned.csv,final_merged_hindi_cleaned.csv,406,utf-8-sig,False,False,False,2324,399,2092,0-4K,direct,partial
DEL_CON_000008,Hindi,Constitutional,final_merged_hindi_cleaned.csv,final_merged_hindi_cleaned.csv,407,utf-8-sig,False,False,False,6382,1132,5591,4K-8K,direct,partial
DEL_CON_000009,Hindi,Constitutional,final_merged_hindi_cleaned.csv,final_merged_hindi_cleaned.csv,408,utf-8-sig,False,False,False,2537,425,2287,0-4K,direct,partial
DEL_CON_000010,Hindi,Constitutional,final_merged_hindi_cleaned.csv,final_merged_hindi_cleaned.csv,409,utf-8-sig,False,False,False,5238,898,4800,4K-8K,direct,partial
DEL_CON_000012,Hindi,Constitutional,final_merged_hindi_cleaned.csv,final_merged_hindi_cleaned.csv,410,utf-8-sig,False,False,False,1684,273,1521,0-4K,direct,partial
DEL_CON_000014,Hindi,Constitutional,final_merged_hindi_cleaned.csv,final_merged_hindi_cleaned.csv,411,utf-8-sig,False,False,False,1656,267,1488,0-4K,direct,partial
DEL_CON_000015,Hindi,Constitutional,final_merged_hindi_cleaned.csv,final_merged_hindi_cleaned.csv,412,utf-8-sig,False,False,False,8772,1557,7987,4K-8K,chunk_candidate,partial
DEL_CON_000016,Hindi,Constitutional,final_merged_hindi_cleaned.csv,final_merged_hindi_cleaned.csv,413,utf-8-sig,False,False,False,8201,1462,7488,4K-8K,chunk_candidate,partial
DEL_CON_000017,Hindi,Constitutional,final_merged_hindi_cleaned.csv,final_merged_hindi_cleaned.csv,414,utf-8-sig,False,False,False,2803,452,2493,0-4K,direct,partial
DEL_CON_000018,Hindi,Constitutional,final_merged_hindi_cleaned.csv,final_merged_hindi_cleaned.csv,415,utf-8-sig,False,False,False,13055,2256,11441,8K-16K,chunk_candidate,partial
DL_CRIM_000002,Hindi,Criminal,final_merged_hindi_cleaned.csv,final_merged_hindi_cleaned.csv,416,utf-8-sig,False,False,False,14315,2686,13096,8K-16K,chunk_candidate,partial
DL_CRIM_000003,Hindi,Criminal,final_merged_hindi_cleaned.csv,final_merged_hindi_cleaned.csv,417,utf-8-sig,False,False,False,24350,4628,22153,16K-32K,chunk_candidate,partial
DL_CRIM_000004,Hindi,Criminal,final_merged_hindi_cleaned.csv,final_merged_hindi_cleaned.csv,418,utf-8-sig,False,False,False,11752,2329,10753,8K-16K,chunk_candidate,partial
DL_CRIM_000005,Hindi,Criminal,final_merged_hindi_cleaned.csv,final_merged_hindi_cleaned.csv,419,utf-8-sig,False,False,False,31907,5898,29473,16K-32K,chunk_candidate,partial
DL_CRIM_000006,Hindi,Criminal,final_merged_hindi_cleaned.csv,final_merged_hindi_cleaned.csv,420,utf-8-sig,False,False,False,16690,2996,15313,8K-16K,chunk_candidate,partial
DL_CRIM_000007,Hindi,Criminal,final_merged_hindi_cleaned.csv,final_merged_hindi_cleaned.csv,421,utf-8-sig,False,False,False,9261,1784,8567,8K-16K,chunk_candidate,partial
DL_CRIM_000008,Hindi,Criminal,final_merged_hindi_cleaned.csv,final_merged_hindi_cleaned.csv,422,utf-8-sig,False,False,False,32485,5866,29818,16K-32K,chunk_candidate,partial
DL_CRIM_000010,Hindi,Criminal,final_merged_hindi_cleaned.csv,final_merged_hindi_cleaned.csv,423,utf-8-sig,False,False,False,8805,1641,8133,8K-16K,chunk_candidate,partial
DL_CRIM_000012,Hindi,Criminal,final_merged_hindi_cleaned.csv,final_merged_hindi_cleaned.csv,424,utf-8-sig,False,False,False,8945,1752,8225,8K-16K,chunk_candidate,partial
DL_CRIM_000013,Hindi,Criminal,final_merged_hindi_cleaned.csv,final_merged_hindi_cleaned.csv,425,utf-8-sig,False,False,False,32463,6068,29764,16K-32K,chunk_candidate,partial
DL_CRIM_000015,Hindi,Criminal,final_merged_hindi_cleaned.csv,final_merged_hindi_cleaned.csv,426,utf-8-sig,False,False,False,4866,836,4484,4K-8K,direct,partial
DL_CRIM_000016,Hindi,Criminal,final_merged_hindi_cleaned.csv,final_merged_hindi_cleaned.csv,427,utf-8-sig,False,False,False,32514,5939,29809,16K-32K,chunk_candidate,partial
DL_CRIM_000017,Hindi,Criminal,final_merged_hindi_cleaned.csv,final_merged_hindi_cleaned.csv,428,utf-8-sig,False,False,False,16958,3201,15425,8K-16K,chunk_candidate,partial
DL_CRIM_000018,Hindi,Criminal,final_merged_hindi_cleaned.csv,final_merged_hindi_cleaned.csv,429,utf-8-sig,False,False,False,32196,5358,8720,8K-16K,chunk_candidate,partial
DL_CRIM_000019,Hindi,Criminal,final_merged_hindi_cleaned.csv,final_merged_hindi_cleaned.csv,430,utf-8-sig,False,False,False,12635,2361,11665,8K-16K,chunk_candidate,partial
DL_CRIM_000021,Hindi,Criminal,final_merged_hindi_cleaned.csv,final_merged_hindi_cleaned.csv,431,utf-8-sig,False,False,False,11481,2156,10591,8K-16K,chunk_candidate,partial
DL_CRIM_000022,Hindi,Criminal,final_merged_hindi_cleaned.csv,final_merged_hindi_cleaned.csv,432,utf-8-sig,False,False,False,8198,1558,7553,4K-8K,chunk_candidate,partial
DL_CRIM_000023,Hindi,Criminal,final_merged_hindi_cleaned.csv,final_merged_hindi_cleaned.csv,433,utf-8-sig,False,False,False,12264,2363,11390,8K-16K,chunk_candidate,partial
DL_CRIM_000024,Hindi,Criminal,final_merged_hindi_cleaned.csv,final_merged_hindi_cleaned.csv,434,utf-8-sig,False,False,False,11696,2195,10761,8K-16K,chunk_candidate,partial
DL_CRIM_000025,Hindi,Criminal,final_merged_hindi_cleaned.csv,final_merged_hindi_cleaned.csv,435,utf-8-sig,False,False,False,32583,6161,29728,16K-32K,chunk_candidate,partial
DL_CRIM_000026,Hindi,Criminal,final_merged_hindi_cleaned.csv,final_merged_hindi_cleaned.csv,436,utf-8-sig,False,False,False,8567,1681,7732,4K-8K,chunk_candidate,partial
DL_CRIM_000027,Hindi,Criminal,final_merged_hindi_cleaned.csv,final_merged_hindi_cleaned.csv,437,utf-8-sig,False,False,False,28358,5199,25886,16K-32K,chunk_candidate,partial
DL_CRIM_000029,Hindi,Criminal,final_merged_hindi_cleaned.csv,final_merged_hindi_cleaned.csv,438,utf-8-sig,False,False,False,14340,2501,13210,8K-16K,chunk_candidate,partial
DL_CRIM_000030,Hindi,Criminal,final_merged_hindi_cleaned.csv,final_merged_hindi_cleaned.csv,439,utf-8-sig,False,False,False,13224,2485,12089,8K-16K,chunk_candidate,partial
DL_CRIM_000031,Hindi,Criminal,final_merged_hindi_cleaned.csv,final_merged_hindi_cleaned.csv,440,utf-8-sig,False,False,False,8057,1592,7449,4K-8K,chunk_candidate,partial
DL_CRIM_000032,Hindi,Criminal,final_merged_hindi_cleaned.csv,final_merged_hindi_cleaned.csv,441,utf-8-sig,False,False,False,18125,3357,16475,16K-32K,chunk_candidate,partial
DL_CRIM_000033,Hindi,Criminal,final_merged_hindi_cleaned.csv,final_merged_hindi_cleaned.csv,442,utf-8-sig,False,False,False,13467,2538,12514,8K-16K,chunk_candidate,partial
DL_CRIM_000034,Hindi,Criminal,final_merged_hindi_cleaned.csv,final_merged_hindi_cleaned.csv,443,utf-8-sig,False,False,False,14340,2501,13210,8K-16K,chunk_candidate,partial
DL_CRIM_000035,Hindi,Criminal,final_merged_hindi_cleaned.csv,final_merged_hindi_cleaned.csv,444,utf-8-sig,False,False,False,18026,3266,16612,16K-32K,chunk_candidate,partial
DL_CRIM_000036,Hindi,Criminal,final_merged_hindi_cleaned.csv,final_merged_hindi_cleaned.csv,445,utf-8-sig,False,False,False,10693,2131,9887,8K-16K,chunk_candidate,partial
DL_CRIM_000037,Hindi,Criminal,final_merged_hindi_cleaned.csv,final_merged_hindi_cleaned.csv,446,utf-8-sig,False,False,False,9568,1792,8840,8K-16K,chunk_candidate,partial
DL_CRIM_000038,Hindi,Criminal,final_merged_hindi_cleaned.csv,final_merged_hindi_cleaned.csv,447,utf-8-sig,False,False,False,5137,972,4669,4K-8K,direct,partial
DL_CRIM_000039,Hindi,Criminal,final_merged_hindi_cleaned.csv,final_merged_hindi_cleaned.csv,448,utf-8-sig,False,False,False,5157,964,4706,4K-8K,direct,partial
DL_CRIM_000040,Hindi,Criminal,final_merged_hindi_cleaned.csv,final_merged_hindi_cleaned.csv,449,utf-8-sig,False,False,False,5883,1065,5449,4K-8K,direct,partial
DL_CRIM_000041,Hindi,Criminal,final_merged_hindi_cleaned.csv,final_merged_hindi_cleaned.csv,450,utf-8-sig,False,False,False,6704,1212,6169,4K-8K,direct,partial
DL_CRIM_000042,Hindi,Criminal,final_merged_hindi_cleaned.csv,final_merged_hindi_cleaned.csv,451,utf-8-sig,False,False,False,7906,1386,7367,4K-8K,chunk_candidate,partial
DL_CRIM_000043,Hindi,Criminal,final_merged_hindi_cleaned.csv,final_merged_hindi_cleaned.csv,452,utf-8-sig,False,False,False,11670,2152,10743,8K-16K,chunk_candidate,partial
DL_CRIM_000044,Hindi,Criminal,final_merged_hindi_cleaned.csv,final_merged_hindi_cleaned.csv,453,utf-8-sig,False,False,False,11638,2187,10749,8K-16K,chunk_candidate,partial
DL_CRIM_000046,Hindi,Criminal,final_merged_hindi_cleaned.csv,final_merged_hindi_cleaned.csv,454,utf-8-sig,False,False,False,11361,2161,10499,8K-16K,chunk_candidate,partial
DL_CRIM_000047,Hindi,Criminal,final_merged_hindi_cleaned.csv,final_merged_hindi_cleaned.csv,455,utf-8-sig,False,False,False,11735,2128,10980,8K-16K,chunk_candidate,partial
DL_CRIM_000048,Hindi,Criminal,final_merged_hindi_cleaned.csv,final_merged_hindi_cleaned.csv,456,utf-8-sig,False,False,False,11978,2327,11063,8K-16K,chunk_candidate,partial
DL_CRIM_000049,Hindi,Criminal,final_merged_hindi_cleaned.csv,final_merged_hindi_cleaned.csv,457,utf-8-sig,False,False,False,6261,1136,5855,4K-8K,direct,partial
DL_CRIM_000050,Hindi,Criminal,final_merged_hindi_cleaned.csv,final_merged_hindi_cleaned.csv,458,utf-8-sig,False,False,False,3666,639,3347,0-4K,direct,partial
DL_CRIM_000051,Hindi,Criminal,final_merged_hindi_cleaned.csv,final_merged_hindi_cleaned.csv,459,utf-8-sig,False,False,False,11636,2154,10661,8K-16K,chunk_candidate,partial
DL_CRIM_000052,Hindi,Criminal,final_merged_hindi_cleaned.csv,final_merged_hindi_cleaned.csv,460,utf-8-sig,False,False,False,26518,5122,24352,16K-32K,chunk_candidate,partial
DL_CRIM_000053,Hindi,Criminal,final_merged_hindi_cleaned.csv,final_merged_hindi_cleaned.csv,461,utf-8-sig,False,False,False,11763,2245,10752,8K-16K,chunk_candidate,partial
DL_CRIM_000055,Hindi,Criminal,final_merged_hindi_cleaned.csv,final_merged_hindi_cleaned.csv,462,utf-8-sig,False,False,False,7930,1426,7234,4K-8K,chunk_candidate,partial
DL_CRIM_000056,Hindi,Criminal,final_merged_hindi_cleaned.csv,final_merged_hindi_cleaned.csv,463,utf-8-sig,False,False,False,27831,5273,25813,16K-32K,chunk_candidate,partial
DL_CRIM_000058,Hindi,Criminal,final_merged_hindi_cleaned.csv,final_merged_hindi_cleaned.csv,464,utf-8-sig,False,False,False,5917,1075,5463,4K-8K,direct,partial
DL_CRIM_000060,Hindi,Criminal,final_merged_hindi_cleaned.csv,final_merged_hindi_cleaned.csv,465,utf-8-sig,False,False,False,32573,5962,30155,16K-32K,chunk_candidate,partial
DL_CRIM_000061,Hindi,Criminal,final_merged_hindi_cleaned.csv,final_merged_hindi_cleaned.csv,466,utf-8-sig,False,False,False,19183,3407,17760,16K-32K,chunk_candidate,partial
DL_CRIM_000062,Hindi,Criminal,final_merged_hindi_cleaned.csv,final_merged_hindi_cleaned.csv,467,utf-8-sig,False,False,False,7051,1304,6516,4K-8K,direct,partial
DL_CRIM_000063,Hindi,Criminal,final_merged_hindi_cleaned.csv,final_merged_hindi_cleaned.csv,468,utf-8-sig,False,False,False,7812,1461,7293,4K-8K,chunk_candidate,partial
DL_CRIM_000064,Hindi,Criminal,final_merged_hindi_cleaned.csv,final_merged_hindi_cleaned.csv,469,utf-8-sig,False,False,False,15396,2815,14128,8K-16K,chunk_candidate,partial
DL_CRIM_000067,Hindi,Criminal,final_merged_hindi_cleaned.csv,final_merged_hindi_cleaned.csv,470,utf-8-sig,False,False,False,5657,1081,5212,4K-8K,direct,partial
DL_CRIM_000068,Hindi,Criminal,final_merged_hindi_cleaned.csv,final_merged_hindi_cleaned.csv,471,utf-8-sig,False,False,False,32592,6237,30007,16K-32K,chunk_candidate,partial
DL_CRIM_000069,Hindi,Criminal,final_merged_hindi_cleaned.csv,final_merged_hindi_cleaned.csv,472,utf-8-sig,False,False,False,32485,6123,29811,16K-32K,chunk_candidate,partial
DL_CRIM_000070,Hindi,Criminal,final_merged_hindi_cleaned.csv,final_merged_hindi_cleaned.csv,473,utf-8-sig,False,False,False,11220,2087,10330,8K-16K,chunk_candidate,partial
DL_CRIM_000071,Hindi,Criminal,final_merged_hindi_cleaned.csv,final_merged_hindi_cleaned.csv,474,utf-8-sig,False,False,False,16492,3086,15074,8K-16K,chunk_candidate,partial
DL_CRIM_000072,Hindi,Criminal,final_merged_hindi_cleaned.csv,final_merged_hindi_cleaned.csv,475,utf-8-sig,False,False,False,25749,4650,23687,16K-32K,chunk_candidate,partial
DL_CRIM_000074,Hindi,Criminal,final_merged_hindi_cleaned.csv,final_merged_hindi_cleaned.csv,476,utf-8-sig,False,False,False,6363,1158,5788,4K-8K,direct,partial
JHK_CIV_000001,Hindi,Civil,final_merged_hindi_cleaned.csv,final_merged_hindi_cleaned.csv,477,utf-8-sig,False,False,False,2841,478,2591,0-4K,direct,partial
JHK_CIV_000002,Hindi,Civil,final_merged_hindi_cleaned.csv,final_merged_hindi_cleaned.csv,478,utf-8-sig,False,False,False,1584,244,1472,0-4K,direct,partial
JHK_CIV_000003,Hindi,Civil,final_merged_hindi_cleaned.csv,final_merged_hindi_cleaned.csv,479,utf-8-sig,False,False,False,2363,416,2181,0-4K,direct,partial
JHK_CIV_000004,Hindi,Civil,final_merged_hindi_cleaned.csv,final_merged_hindi_cleaned.csv,480,utf-8-sig,False,False,False,2729,401,2516,0-4K,direct,partial
JHK_CIV_000007,Hindi,Civil,final_merged_hindi_cleaned.csv,final_merged_hindi_cleaned.csv,481,utf-8-sig,False,False,False,2962,495,2679,0-4K,direct,partial
JHK_CIV_000008,Hindi,Civil,final_merged_hindi_cleaned.csv,final_merged_hindi_cleaned.csv,482,utf-8-sig,False,False,False,3154,483,2947,0-4K,direct,partial
JHK_CIV_000009,Hindi,Civil,final_merged_hindi_cleaned.csv,final_merged_hindi_cleaned.csv,483,utf-8-sig,False,False,False,3099,572,2849,0-4K,direct,partial
JHK_CIV_000011,Hindi,Civil,final_merged_hindi_cleaned.csv,final_merged_hindi_cleaned.csv,484,utf-8-sig,False,False,False,2199,355,2049,0-4K,direct,partial
JHK_CIV_000012,Hindi,Civil,final_merged_hindi_cleaned.csv,final_merged_hindi_cleaned.csv,485,utf-8-sig,False,False,False,1937,326,1762,0-4K,direct,partial
JHK_CIV_000013,Hindi,Civil,final_merged_hindi_cleaned.csv,final_merged_hindi_cleaned.csv,486,utf-8-sig,False,False,False,2168,383,2012,0-4K,direct,partial
JHK_CIV_000014,Hindi,Civil,final_merged_hindi_cleaned.csv,final_merged_hindi_cleaned.csv,487,utf-8-sig,False,False,False,2293,378,2128,0-4K,direct,partial
JHK_CIV_000015,Hindi,Civil,final_merged_hindi_cleaned.csv,final_merged_hindi_cleaned.csv,488,utf-8-sig,False,False,False,3102,558,2876,0-4K,direct,partial
JHK_CIV_000017,Hindi,Civil,final_merged_hindi_cleaned.csv,final_merged_hindi_cleaned.csv,489,utf-8-sig,False,False,False,1570,256,1451,0-4K,direct,partial
JHK_CIV_000018,Hindi,Civil,final_merged_hindi_cleaned.csv,final_merged_hindi_cleaned.csv,490,utf-8-sig,False,False,False,1346,235,1239,0-4K,direct,partial
JHK_CIV_000019,Hindi,Civil,final_merged_hindi_cleaned.csv,final_merged_hindi_cleaned.csv,491,utf-8-sig,False,False,False,1367,249,1247,0-4K,direct,partial
JHK_CIV_000020,Hindi,Civil,final_merged_hindi_cleaned.csv,final_merged_hindi_cleaned.csv,492,utf-8-sig,False,False,False,3862,650,3498,0-4K,direct,partial
JHK_CIV_000021,Hindi,Civil,final_merged_hindi_cleaned.csv,final_merged_hindi_cleaned.csv,493,utf-8-sig,False,False,False,1474,247,1371,0-4K,direct,partial
JHK_CIV_000022,Hindi,Civil,final_merged_hindi_cleaned.csv,final_merged_hindi_cleaned.csv,494,utf-8-sig,False,False,False,1476,228,1366,0-4K,direct,partial
JHK_CIV_000024,Hindi,Civil,final_merged_hindi_cleaned.csv,final_merged_hindi_cleaned.csv,495,utf-8-sig,False,False,False,1030,177,938,0-4K,direct,partial
JHK_CIV_000025,Hindi,Civil,final_merged_hindi_cleaned.csv,final_merged_hindi_cleaned.csv,496,utf-8-sig,False,False,False,1915,349,1760,0-4K,direct,partial
JHK_CIV_000026,Hindi,Civil,final_merged_hindi_cleaned.csv,final_merged_hindi_cleaned.csv,497,utf-8-sig,False,False,False,2592,444,2396,0-4K,direct,partial
JHK_CIV_000027,Hindi,Civil,final_merged_hindi_cleaned.csv,final_merged_hindi_cleaned.csv,498,utf-8-sig,False,False,False,2688,488,2408,0-4K,direct,partial
JHK_CIV_000028,Hindi,Civil,final_merged_hindi_cleaned.csv,final_merged_hindi_cleaned.csv,499,utf-8-sig,False,False,False,1412,246,1295,0-4K,direct,partial
JHK_CIV_000029,Hindi,Civil,final_merged_hindi_cleaned.csv,final_merged_hindi_cleaned.csv,500,utf-8-sig,False,False,False,1561,269,1428,0-4K,direct,partial
JHK_CIV_000030,Hindi,Civil,final_merged_hindi_cleaned.csv,final_merged_hindi_cleaned.csv,501,utf-8-sig,False,False,False,1397,236,1297,0-4K,direct,partial
JHK_CIV_000031,Hindi,Civil,final_merged_hindi_cleaned.csv,final_merged_hindi_cleaned.csv,502,utf-8-sig,False,False,False,2114,358,1964,0-4K,direct,partial
JHK_CIV_000033,Hindi,Civil,final_merged_hindi_cleaned.csv,final_merged_hindi_cleaned.csv,503,utf-8-sig,False,False,False,1407,225,1300,0-4K,direct,partial
JHK_CIV_000034,Hindi,Civil,final_merged_hindi_cleaned.csv,final_merged_hindi_cleaned.csv,504,utf-8-sig,False,False,False,2624,477,2384,0-4K,direct,partial
JHK_CIV_000036,Hindi,Civil,final_merged_hindi_cleaned.csv,final_merged_hindi_cleaned.csv,505,utf-8-sig,False,False,False,1432,250,1310,0-4K,direct,partial
JHK_CIV_000037,Hindi,Civil,final_merged_hindi_cleaned.csv,final_merged_hindi_cleaned.csv,506,utf-8-sig,False,False,False,1978,332,1857,0-4K,direct,partial
JHK_CIV_000038,Hindi,Civil,final_merged_hindi_cleaned.csv,final_merged_hindi_cleaned.csv,507,utf-8-sig,False,False,False,3643,646,3345,0-4K,direct,partial
JHK_CIV_000039,Hindi,Civil,final_merged_hindi_cleaned.csv,final_merged_hindi_cleaned.csv,508,utf-8-sig,False,False,False,2271,415,2088,0-4K,direct,partial
JHK_CIV_000041,Hindi,Civil,final_merged_hindi_cleaned.csv,final_merged_hindi_cleaned.csv,509,utf-8-sig,False,False,False,1239,218,1142,0-4K,direct,partial
JHK_CIV_000042,Hindi,Civil,final_merged_hindi_cleaned.csv,final_merged_hindi_cleaned.csv,510,utf-8-sig,False,False,False,10563,1927,9739,8K-16K,chunk_candidate,partial
JHK_CIV_000043,Hindi,Civil,final_merged_hindi_cleaned.csv,final_merged_hindi_cleaned.csv,511,utf-8-sig,False,False,False,935,157,863,0-4K,direct,partial
JHK_CIV_000044,Hindi,Civil,final_merged_hindi_cleaned.csv,final_merged_hindi_cleaned.csv,512,utf-8-sig,False,False,False,2630,469,2419,0-4K,direct,partial
JHK_CIV_000046,Hindi,Civil,final_merged_hindi_cleaned.csv,final_merged_hindi_cleaned.csv,513,utf-8-sig,False,False,False,1600,286,1440,0-4K,direct,partial
JHK_CIV_000048,Hindi,Civil,final_merged_hindi_cleaned.csv,final_merged_hindi_cleaned.csv,514,utf-8-sig,False,False,False,1839,301,1691,0-4K,direct,partial
JHK_CIV_000049,Hindi,Civil,final_merged_hindi_cleaned.csv,final_merged_hindi_cleaned.csv,515,utf-8-sig,False,False,False,10172,1845,9312,8K-16K,chunk_candidate,partial
JHK_CIV_000050,Hindi,Civil,final_merged_hindi_cleaned.csv,final_merged_hindi_cleaned.csv,516,utf-8-sig,False,False,False,879,153,811,0-4K,direct,partial
JHK_CIV_000051,Hindi,Civil,final_merged_hindi_cleaned.csv,final_merged_hindi_cleaned.csv,517,utf-8-sig,False,False,False,2721,478,2487,0-4K,direct,partial
JHK_CIV_000052,Hindi,Civil,final_merged_hindi_cleaned.csv,final_merged_hindi_cleaned.csv,518,utf-8-sig,False,False,False,1330,242,1222,0-4K,direct,partial
JHK_CIV_000054,Hindi,Civil,final_merged_hindi_cleaned.csv,final_merged_hindi_cleaned.csv,519,utf-8-sig,False,False,False,1576,268,1457,0-4K,direct,partial
JHK_CIV_000055,Hindi,Civil,final_merged_hindi_cleaned.csv,final_merged_hindi_cleaned.csv,520,utf-8-sig,False,False,False,1522,271,1403,0-4K,direct,partial
JHK_CRIM_000002,Hindi,Criminal,final_merged_hindi_cleaned.csv,final_merged_hindi_cleaned.csv,521,utf-8-sig,False,False,False,1067,170,969,0-4K,direct,partial
JHK_CRIM_000003,Hindi,Criminal,final_merged_hindi_cleaned.csv,final_merged_hindi_cleaned.csv,522,utf-8-sig,False,False,False,1027,160,944,0-4K,direct,partial
JHK_CRIM_000005,Hindi,Criminal,final_merged_hindi_cleaned.csv,final_merged_hindi_cleaned.csv,523,utf-8-sig,False,False,False,1267,224,1157,0-4K,direct,partial
JHK_CRIM_000006,Hindi,Criminal,final_merged_hindi_cleaned.csv,final_merged_hindi_cleaned.csv,524,utf-8-sig,False,False,False,983,154,900,0-4K,direct,partial
JHK_CRIM_000008,Hindi,Criminal,final_merged_hindi_cleaned.csv,final_merged_hindi_cleaned.csv,525,utf-8-sig,False,False,False,3084,526,2838,0-4K,direct,partial
JHK_CRIM_000009,Hindi,Criminal,final_merged_hindi_cleaned.csv,final_merged_hindi_cleaned.csv,526,utf-8-sig,False,False,False,6793,1164,6178,4K-8K,direct,partial
JHK_CRIM_000010,Hindi,Criminal,final_merged_hindi_cleaned.csv,final_merged_hindi_cleaned.csv,527,utf-8-sig,False,False,False,2992,529,2725,0-4K,direct,partial
JHK_CRIM_000011,Hindi,Criminal,final_merged_hindi_cleaned.csv,final_merged_hindi_cleaned.csv,528,utf-8-sig,False,False,False,1099,176,1016,0-4K,direct,partial
JHK_CRIM_000012,Hindi,Criminal,final_merged_hindi_cleaned.csv,final_merged_hindi_cleaned.csv,529,utf-8-sig,False,False,False,1020,163,939,0-4K,direct,partial
JHK_CRIM_000013,Hindi,Criminal,final_merged_hindi_cleaned.csv,final_merged_hindi_cleaned.csv,530,utf-8-sig,False,False,False,1314,220,1202,0-4K,direct,partial
JHK_CRIM_000014,Hindi,Criminal,final_merged_hindi_cleaned.csv,final_merged_hindi_cleaned.csv,531,utf-8-sig,False,False,False,1111,185,1023,0-4K,direct,partial
JHK_CRIM_000015,Hindi,Criminal,final_merged_hindi_cleaned.csv,final_merged_hindi_cleaned.csv,532,utf-8-sig,False,False,False,1173,186,1067,0-4K,direct,partial
JHK_CRIM_000016,Hindi,Criminal,final_merged_hindi_cleaned.csv,final_merged_hindi_cleaned.csv,533,utf-8-sig,False,False,False,1089,177,991,0-4K,direct,partial
JHK_CRIM_000019,Hindi,Criminal,final_merged_hindi_cleaned.csv,final_merged_hindi_cleaned.csv,534,utf-8-sig,False,False,False,1686,281,1556,0-4K,direct,partial
JHK_CRIM_000020,Hindi,Criminal,final_merged_hindi_cleaned.csv,final_merged_hindi_cleaned.csv,535,utf-8-sig,False,False,False,4973,876,4627,4K-8K,direct,partial
JHK_CRIM_000021,Hindi,Criminal,final_merged_hindi_cleaned.csv,final_merged_hindi_cleaned.csv,536,utf-8-sig,False,False,False,1192,191,1084,0-4K,direct,partial
JHK_CRIM_000022,Hindi,Criminal,final_merged_hindi_cleaned.csv,final_merged_hindi_cleaned.csv,537,utf-8-sig,False,False,False,1291,213,1174,0-4K,direct,partial
JHK_CRIM_000023,Hindi,Criminal,final_merged_hindi_cleaned.csv,final_merged_hindi_cleaned.csv,538,utf-8-sig,False,False,False,1232,190,1124,0-4K,direct,partial
JHK_CRIM_000024,Hindi,Criminal,final_merged_hindi_cleaned.csv,final_merged_hindi_cleaned.csv,539,utf-8-sig,False,False,False,2551,457,2315,0-4K,direct,partial
JHK_CRIM_000025,Hindi,Criminal,final_merged_hindi_cleaned.csv,final_merged_hindi_cleaned.csv,540,utf-8-sig,False,False,False,1256,205,1135,0-4K,direct,partial
JHK_CRIM_000026,Hindi,Criminal,final_merged_hindi_cleaned.csv,final_merged_hindi_cleaned.csv,541,utf-8-sig,False,False,False,1493,252,1375,0-4K,direct,partial
JHK_CRIM_000027,Hindi,Criminal,final_merged_hindi_cleaned.csv,final_merged_hindi_cleaned.csv,542,utf-8-sig,False,False,False,1138,186,1036,0-4K,direct,partial
JHK_CRIM_000028,Hindi,Criminal,final_merged_hindi_cleaned.csv,final_merged_hindi_cleaned.csv,543,utf-8-sig,False,False,False,966,173,890,0-4K,direct,partial
JHK_CRIM_000031,Hindi,Criminal,final_merged_hindi_cleaned.csv,final_merged_hindi_cleaned.csv,544,utf-8-sig,False,False,False,1248,219,1143,0-4K,direct,partial
JHK_CRIM_000032,Hindi,Criminal,final_merged_hindi_cleaned.csv,final_merged_hindi_cleaned.csv,545,utf-8-sig,False,False,False,1512,254,1378,0-4K,direct,partial
JHK_CRIM_000034,Hindi,Criminal,final_merged_hindi_cleaned.csv,final_merged_hindi_cleaned.csv,546,utf-8-sig,False,False,False,1089,177,991,0-4K,direct,partial
JHK_CRIM_000036,Hindi,Criminal,final_merged_hindi_cleaned.csv,final_merged_hindi_cleaned.csv,547,utf-8-sig,False,False,False,1584,253,1465,0-4K,direct,partial
JHK_CRIM_000037,Hindi,Criminal,final_merged_hindi_cleaned.csv,final_merged_hindi_cleaned.csv,548,utf-8-sig,False,False,False,1227,205,1114,0-4K,direct,partial
JHK_CRIM_000039,Hindi,Criminal,final_merged_hindi_cleaned.csv,final_merged_hindi_cleaned.csv,549,utf-8-sig,False,False,False,1018,162,920,0-4K,direct,partial
JHK_CRIM_000040,Hindi,Criminal,final_merged_hindi_cleaned.csv,final_merged_hindi_cleaned.csv,550,utf-8-sig,False,False,False,2920,535,2690,0-4K,direct,partial
JHK_CRIM_000041,Hindi,Criminal,final_merged_hindi_cleaned.csv,final_merged_hindi_cleaned.csv,551,utf-8-sig,False,False,False,1353,228,1250,0-4K,direct,partial
JHK_CRIM_000042,Hindi,Criminal,final_merged_hindi_cleaned.csv,final_merged_hindi_cleaned.csv,552,utf-8-sig,False,False,False,1089,180,987,0-4K,direct,partial
JHK_CRIM_000043,Hindi,Criminal,final_merged_hindi_cleaned.csv,final_merged_hindi_cleaned.csv,553,utf-8-sig,False,False,False,1155,185,1062,0-4K,direct,partial
JHK_CRIM_000044,Hindi,Criminal,final_merged_hindi_cleaned.csv,final_merged_hindi_cleaned.csv,554,utf-8-sig,False,False,False,1174,191,1077,0-4K,direct,partial
JHK_CRIM_000046,Hindi,Criminal,final_merged_hindi_cleaned.csv,final_merged_hindi_cleaned.csv,555,utf-8-sig,False,False,False,2775,488,2533,0-4K,direct,partial
JHK_CRIM_000048,Hindi,Criminal,final_merged_hindi_cleaned.csv,final_merged_hindi_cleaned.csv,556,utf-8-sig,False,False,False,1246,209,1150,0-4K,direct,partial
JHK_CRIM_000049,Hindi,Criminal,final_merged_hindi_cleaned.csv,final_merged_hindi_cleaned.csv,557,utf-8-sig,False,False,False,2171,393,1993,0-4K,direct,partial
JHK_CRIM_000050,Hindi,Criminal,final_merged_hindi_cleaned.csv,final_merged_hindi_cleaned.csv,558,utf-8-sig,False,False,False,1061,168,971,0-4K,direct,partial
JHK_CRIM_000051,Hindi,Criminal,final_merged_hindi_cleaned.csv,final_merged_hindi_cleaned.csv,559,utf-8-sig,False,False,False,1404,240,1292,0-4K,direct,partial
JHK_CRIM_000052,Hindi,Criminal,final_merged_hindi_cleaned.csv,final_merged_hindi_cleaned.csv,560,utf-8-sig,False,False,False,1620,275,1489,0-4K,direct,partial
JHK_CRIM_000053,Hindi,Criminal,final_merged_hindi_cleaned.csv,final_merged_hindi_cleaned.csv,561,utf-8-sig,False,False,False,1202,200,1096,0-4K,direct,partial
JHK_CRIM_000054,Hindi,Criminal,final_merged_hindi_cleaned.csv,final_merged_hindi_cleaned.csv,562,utf-8-sig,False,False,False,1287,213,1196,0-4K,direct,partial
JHK_CRIM_000055,Hindi,Criminal,final_merged_hindi_cleaned.csv,final_merged_hindi_cleaned.csv,563,utf-8-sig,False,False,False,1184,198,1085,0-4K,direct,partial
JHK_CRIM_000058,Hindi,Criminal,final_merged_hindi_cleaned.csv,final_merged_hindi_cleaned.csv,564,utf-8-sig,False,False,False,1070,171,973,0-4K,direct,partial
JHK_CRIM_000059,Hindi,Criminal,final_merged_hindi_cleaned.csv,final_merged_hindi_cleaned.csv,565,utf-8-sig,False,False,False,1068,190,974,0-4K,direct,partial
MP_ADM_000001,Hindi,Administrative,final_merged_hindi_cleaned.csv,final_merged_hindi_cleaned.csv,566,utf-8-sig,False,False,False,5466,1066,4908,4K-8K,direct,partial
MP_ADM_000003,Hindi,Administrative,final_merged_hindi_cleaned.csv,final_merged_hindi_cleaned.csv,567,utf-8-sig,False,False,False,5436,946,4981,4K-8K,direct,partial
MP_ADM_000004,Hindi,Administrative,final_merged_hindi_cleaned.csv,final_merged_hindi_cleaned.csv,568,utf-8-sig,False,False,False,6983,1275,6411,4K-8K,direct,partial
MP_ADM_000005,Hindi,Administrative,final_merged_hindi_cleaned.csv,final_merged_hindi_cleaned.csv,569,utf-8-sig,False,False,False,14102,2637,12875,8K-16K,chunk_candidate,partial
MP_ADM_000006,Hindi,Administrative,final_merged_hindi_cleaned.csv,final_merged_hindi_cleaned.csv,570,utf-8-sig,False,False,False,32759,6172,30170,16K-32K,chunk_candidate,all_missing
MP_ADM_000007,Hindi,Administrative,final_merged_hindi_cleaned.csv,final_merged_hindi_cleaned.csv,571,utf-8-sig,False,False,False,1313,219,1192,0-4K,direct,partial
MP_ADM_000008,Hindi,Administrative,final_merged_hindi_cleaned.csv,final_merged_hindi_cleaned.csv,572,utf-8-sig,False,False,False,5223,941,4675,4K-8K,direct,partial
MP_ADM_000009,Hindi,Administrative,final_merged_hindi_cleaned.csv,final_merged_hindi_cleaned.csv,573,utf-8-sig,False,False,False,11280,1975,10366,8K-16K,chunk_candidate,partial
MP_ADM_000010,Hindi,Administrative,final_merged_hindi_cleaned.csv,final_merged_hindi_cleaned.csv,574,utf-8-sig,False,False,False,32759,6055,30292,16K-32K,chunk_candidate,all_missing
MP_ADM_000011,Hindi,Administrative,final_merged_hindi_cleaned.csv,final_merged_hindi_cleaned.csv,575,utf-8-sig,False,False,True,8014,1439,7309,4K-8K,chunk_candidate,partial
MP_CIV_000001,Hindi,Civil,final_merged_hindi_cleaned.csv,final_merged_hindi_cleaned.csv,576,utf-8-sig,False,False,False,8662,1666,7897,4K-8K,chunk_candidate,partial
MP_CIV_000003,Hindi,Civil,final_merged_hindi_cleaned.csv,final_merged_hindi_cleaned.csv,577,utf-8-sig,False,False,False,7178,1279,6595,4K-8K,direct,partial
MP_CON_000002,Hindi,Constitutional,final_merged_hindi_cleaned.csv,final_merged_hindi_cleaned.csv,578,utf-8-sig,False,False,True,7959,1439,7268,4K-8K,chunk_candidate,partial
MP_CRIM_000001,Hindi,Criminal,final_merged_hindi_cleaned.csv,final_merged_hindi_cleaned.csv,579,utf-8-sig,False,False,False,11682,2176,10622,8K-16K,chunk_candidate,partial
MP_CRIM_000002,Hindi,Criminal,final_merged_hindi_cleaned.csv,final_merged_hindi_cleaned.csv,580,utf-8-sig,False,False,False,3397,603,3124,0-4K,direct,partial
MP_CRIM_000003,Hindi,Criminal,final_merged_hindi_cleaned.csv,final_merged_hindi_cleaned.csv,581,utf-8-sig,False,False,False,15134,2835,13831,8K-16K,chunk_candidate,partial
MP_CRIM_000005,Hindi,Criminal,final_merged_hindi_cleaned.csv,final_merged_hindi_cleaned.csv,582,utf-8-sig,False,False,False,9620,1875,8739,8K-16K,chunk_candidate,partial
MP_CRIM_000006,Hindi,Criminal,final_merged_hindi_cleaned.csv,final_merged_hindi_cleaned.csv,583,utf-8-sig,False,False,False,3175,580,2901,0-4K,direct,partial
MP_CRIM_000007,Hindi,Criminal,final_merged_hindi_cleaned.csv,final_merged_hindi_cleaned.csv,584,utf-8-sig,False,False,False,2896,537,2613,0-4K,direct,partial
MP_CRIM_000008,Hindi,Criminal,final_merged_hindi_cleaned.csv,final_merged_hindi_cleaned.csv,585,utf-8-sig,False,False,False,10651,1936,9652,8K-16K,chunk_candidate,partial
MP_CRIM_000009,Hindi,Criminal,final_merged_hindi_cleaned.csv,final_merged_hindi_cleaned.csv,586,utf-8-sig,False,False,False,32179,6079,29461,16K-32K,chunk_candidate,partial
MP_CRIM_000010,Hindi,Criminal,final_merged_hindi_cleaned.csv,final_merged_hindi_cleaned.csv,587,utf-8-sig,False,False,False,8794,1571,8017,8K-16K,chunk_candidate,partial
PAT_ADM_000001,Hindi,Administrative,final_merged_hindi_cleaned.csv,final_merged_hindi_cleaned.csv,588,utf-8-sig,False,False,False,2196,374,2010,0-4K,direct,partial
PAT_ADM_000002,Hindi,Administrative,final_merged_hindi_cleaned.csv,final_merged_hindi_cleaned.csv,589,utf-8-sig,False,False,False,2871,519,2630,0-4K,direct,partial
PAT_ADM_000003,Hindi,Administrative,final_merged_hindi_cleaned.csv,final_merged_hindi_cleaned.csv,590,utf-8-sig,False,False,False,1777,293,1658,0-4K,direct,partial
PAT_ADM_000007,Hindi,Administrative,final_merged_hindi_cleaned.csv,final_merged_hindi_cleaned.csv,591,utf-8-sig,False,False,False,1100,180,1008,0-4K,direct,partial
PAT_ADM_000008,Hindi,Administrative,final_merged_hindi_cleaned.csv,final_merged_hindi_cleaned.csv,592,utf-8-sig,False,False,False,2280,426,2088,0-4K,direct,partial
PAT_ADM_000009,Hindi,Administrative,final_merged_hindi_cleaned.csv,final_merged_hindi_cleaned.csv,593,utf-8-sig,False,False,False,1416,242,1314,0-4K,direct,partial
PAT_ADM_000010,Hindi,Administrative,final_merged_hindi_cleaned.csv,final_merged_hindi_cleaned.csv,594,utf-8-sig,False,False,False,2127,349,1968,0-4K,direct,partial
PAT_ADM_000011,Hindi,Administrative,final_merged_hindi_cleaned.csv,final_merged_hindi_cleaned.csv,595,utf-8-sig,False,False,False,2072,362,1884,0-4K,direct,partial
PAT_ADM_000012,Hindi,Administrative,final_merged_hindi_cleaned.csv,final_merged_hindi_cleaned.csv,596,utf-8-sig,False,False,False,1570,245,1442,0-4K,direct,partial
PAT_ADM_000013,Hindi,Administrative,final_merged_hindi_cleaned.csv,final_merged_hindi_cleaned.csv,597,utf-8-sig,False,False,False,3466,616,3143,0-4K,direct,partial
PAT_ADM_000014,Hindi,Administrative,final_merged_hindi_cleaned.csv,final_merged_hindi_cleaned.csv,598,utf-8-sig,False,False,False,1914,305,1751,0-4K,direct,partial
PAT_ADM_000015,Hindi,Administrative,final_merged_hindi_cleaned.csv,final_merged_hindi_cleaned.csv,599,utf-8-sig,False,False,False,2496,449,2302,0-4K,direct,partial
PAT_ADM_000016,Hindi,Administrative,final_merged_hindi_cleaned.csv,final_merged_hindi_cleaned.csv,600,utf-8-sig,False,False,False,2674,479,2450,0-4K,direct,partial
PAT_ADM_000017,Hindi,Administrative,final_merged_hindi_cleaned.csv,final_merged_hindi_cleaned.csv,601,utf-8-sig,False,False,False,2673,468,2446,0-4K,direct,partial
PAT_ADM_000018,Hindi,Administrative,final_merged_hindi_cleaned.csv,final_merged_hindi_cleaned.csv,602,utf-8-sig,False,False,False,2911,527,2628,0-4K,direct,partial
PAT_ADM_000021,Hindi,Administrative,final_merged_hindi_cleaned.csv,final_merged_hindi_cleaned.csv,603,utf-8-sig,False,False,False,2397,429,2224,0-4K,direct,partial
PAT_ADM_000024,Hindi,Administrative,final_merged_hindi_cleaned.csv,final_merged_hindi_cleaned.csv,604,utf-8-sig,False,False,False,1791,281,1651,0-4K,direct,partial
PAT_ADM_000025,Hindi,Administrative,final_merged_hindi_cleaned.csv,final_merged_hindi_cleaned.csv,605,utf-8-sig,False,False,False,1858,344,1746,0-4K,direct,partial
PAT_ADM_000026,Hindi,Administrative,final_merged_hindi_cleaned.csv,final_merged_hindi_cleaned.csv,606,utf-8-sig,False,False,False,1536,259,1433,0-4K,direct,partial
PAT_ADM_000027,Hindi,Administrative,final_merged_hindi_cleaned.csv,final_merged_hindi_cleaned.csv,607,utf-8-sig,False,False,False,2697,488,2446,0-4K,direct,partial
PAT_ADM_000028,Hindi,Administrative,final_merged_hindi_cleaned.csv,final_merged_hindi_cleaned.csv,608,utf-8-sig,False,False,False,1907,330,1737,0-4K,direct,partial
PAT_ADM_000029,Hindi,Administrative,final_merged_hindi_cleaned.csv,final_merged_hindi_cleaned.csv,609,utf-8-sig,False,False,False,3906,612,3573,0-4K,direct,partial
PAT_ADM_000031,Hindi,Administrative,final_merged_hindi_cleaned.csv,final_merged_hindi_cleaned.csv,610,utf-8-sig,False,False,False,3139,551,2900,0-4K,direct,partial
PAT_ADM_000034,Hindi,Administrative,final_merged_hindi_cleaned.csv,final_merged_hindi_cleaned.csv,611,utf-8-sig,False,False,False,2538,441,2356,0-4K,direct,partial
PAT_ADM_000035,Hindi,Administrative,final_merged_hindi_cleaned.csv,final_merged_hindi_cleaned.csv,612,utf-8-sig,False,False,False,1343,192,1256,0-4K,direct,partial
PAT_ADM_000037,Hindi,Administrative,final_merged_hindi_cleaned.csv,final_merged_hindi_cleaned.csv,613,utf-8-sig,False,False,False,1781,306,1653,0-4K,direct,partial
PAT_ADM_000038,Hindi,Administrative,final_merged_hindi_cleaned.csv,final_merged_hindi_cleaned.csv,614,utf-8-sig,False,False,False,2972,572,2742,0-4K,direct,partial
PAT_ADM_000039,Hindi,Administrative,final_merged_hindi_cleaned.csv,final_merged_hindi_cleaned.csv,615,utf-8-sig,False,False,False,2668,422,2459,0-4K,direct,partial
PAT_ADM_000040,Hindi,Administrative,final_merged_hindi_cleaned.csv,final_merged_hindi_cleaned.csv,616,utf-8-sig,False,False,False,2729,476,2549,0-4K,direct,partial
PAT_ADM_000042,Hindi,Administrative,final_merged_hindi_cleaned.csv,final_merged_hindi_cleaned.csv,617,utf-8-sig,False,False,False,1493,251,1390,0-4K,direct,partial
PAT_ADM_000043,Hindi,Administrative,final_merged_hindi_cleaned.csv,final_merged_hindi_cleaned.csv,618,utf-8-sig,False,False,False,2972,518,2750,0-4K,direct,partial
PAT_ADM_000045,Hindi,Administrative,final_merged_hindi_cleaned.csv,final_merged_hindi_cleaned.csv,619,utf-8-sig,False,False,False,3842,692,3530,0-4K,direct,partial
PAT_ADM_000046,Hindi,Administrative,final_merged_hindi_cleaned.csv,final_merged_hindi_cleaned.csv,620,utf-8-sig,False,False,False,974,151,885,0-4K,direct,partial
PAT_ADM_000048,Hindi,Administrative,final_merged_hindi_cleaned.csv,final_merged_hindi_cleaned.csv,621,utf-8-sig,False,False,False,3842,672,3519,0-4K,direct,partial
PAT_ADM_000049,Hindi,Administrative,final_merged_hindi_cleaned.csv,final_merged_hindi_cleaned.csv,622,utf-8-sig,False,False,False,923,139,856,0-4K,direct,partial
PAT_ADM_000050,Hindi,Administrative,final_merged_hindi_cleaned.csv,final_merged_hindi_cleaned.csv,623,utf-8-sig,False,False,False,3186,556,2941,0-4K,direct,partial
PAT_ADM_000052,Hindi,Administrative,final_merged_hindi_cleaned.csv,final_merged_hindi_cleaned.csv,624,utf-8-sig,False,False,False,1248,186,1139,0-4K,direct,partial
PAT_ADM_000053,Hindi,Administrative,final_merged_hindi_cleaned.csv,final_merged_hindi_cleaned.csv,625,utf-8-sig,False,False,False,965,155,894,0-4K,direct,partial
PAT_ADM_000054,Hindi,Administrative,final_merged_hindi_cleaned.csv,final_merged_hindi_cleaned.csv,626,utf-8-sig,False,False,False,1960,330,1802,0-4K,direct,partial
PAT_ADM_000055,Hindi,Administrative,final_merged_hindi_cleaned.csv,final_merged_hindi_cleaned.csv,627,utf-8-sig,False,False,False,4171,738,3776,0-4K,direct,partial
PAT_ADM_000056,Hindi,Administrative,final_merged_hindi_cleaned.csv,final_merged_hindi_cleaned.csv,628,utf-8-sig,False,False,False,2563,464,2327,0-4K,direct,partial
PAT_ADM_000057,Hindi,Administrative,final_merged_hindi_cleaned.csv,final_merged_hindi_cleaned.csv,629,utf-8-sig,False,False,False,897,145,822,0-4K,direct,partial
PAT_ADM_000058,Hindi,Administrative,final_merged_hindi_cleaned.csv,final_merged_hindi_cleaned.csv,630,utf-8-sig,False,False,False,1835,309,1725,0-4K,direct,partial
PAT_ADM_000059,Hindi,Administrative,final_merged_hindi_cleaned.csv,final_merged_hindi_cleaned.csv,631,utf-8-sig,False,False,False,2732,495,2501,0-4K,direct,partial
PAT_ADM_000060,Hindi,Administrative,final_merged_hindi_cleaned.csv,final_merged_hindi_cleaned.csv,632,utf-8-sig,False,False,False,3017,527,2782,0-4K,direct,partial
PAT_ADM_000061,Hindi,Administrative,final_merged_hindi_cleaned.csv,final_merged_hindi_cleaned.csv,633,utf-8-sig,False,False,False,1003,155,909,0-4K,direct,partial
PAT_ADM_000062,Hindi,Administrative,final_merged_hindi_cleaned.csv,final_merged_hindi_cleaned.csv,634,utf-8-sig,False,False,False,2065,318,1881,0-4K,direct,partial
PAT_CIV_000001,Hindi,Civil,final_merged_hindi_cleaned.csv,final_merged_hindi_cleaned.csv,635,utf-8-sig,False,False,False,804,141,758,0-4K,direct,partial
PAT_CIV_000002,Hindi,Civil,final_merged_hindi_cleaned.csv,final_merged_hindi_cleaned.csv,636,utf-8-sig,False,False,False,2091,347,1903,0-4K,direct,partial
PAT_CON_000004,Hindi,Constitutional,final_merged_hindi_cleaned.csv,final_merged_hindi_cleaned.csv,637,utf-8-sig,False,False,False,1429,259,1288,0-4K,direct,partial
PAT_CON_000007,Hindi,Constitutional,final_merged_hindi_cleaned.csv,final_merged_hindi_cleaned.csv,638,utf-8-sig,False,False,False,722,107,661,0-4K,direct,partial
PAT_CON_000008,Hindi,Constitutional,final_merged_hindi_cleaned.csv,final_merged_hindi_cleaned.csv,639,utf-8-sig,False,False,False,660,104,597,0-4K,direct,partial
PAT_CON_000011,Hindi,Constitutional,final_merged_hindi_cleaned.csv,final_merged_hindi_cleaned.csv,640,utf-8-sig,False,False,False,513,75,465,0-4K,direct,partial
PAT_CON_000013,Hindi,Constitutional,final_merged_hindi_cleaned.csv,final_merged_hindi_cleaned.csv,641,utf-8-sig,False,False,False,593,106,541,0-4K,direct,partial
PAT_CON_000014,Hindi,Constitutional,final_merged_hindi_cleaned.csv,final_merged_hindi_cleaned.csv,642,utf-8-sig,False,False,False,628,101,572,0-4K,direct,partial
ALB_CON_000005,Hindi,Constitutional,final_merged_hindi_cleaned.csv,final_merged_hindi_cleaned.csv,643,utf-8-sig,False,False,False,816,140,566,0-4K,direct,partial
ALL_CRIM_000002,Hindi,Criminal,final_merged_hindi_cleaned.csv,final_merged_hindi_cleaned.csv,644,utf-8-sig,False,False,False,2198,393,1659,0-4K,direct,partial
ALL_CRIM_000018,Hindi,Criminal,final_merged_hindi_cleaned.csv,final_merged_hindi_cleaned.csv,645,utf-8-sig,False,False,False,1407,231,1083,0-4K,direct,partial
ALL_CRIM_000020,Hindi,Criminal,final_merged_hindi_cleaned.csv,final_merged_hindi_cleaned.csv,646,utf-8-sig,False,False,False,1042,173,346,0-4K,direct,partial
ALL_CRIM_000031,Hindi,Criminal,final_merged_hindi_cleaned.csv,final_merged_hindi_cleaned.csv,647,utf-8-sig,False,False,False,2006,347,1631,0-4K,direct,partial
ALL_CRIM_000036,Hindi,Criminal,final_merged_hindi_cleaned.csv,final_merged_hindi_cleaned.csv,648,utf-8-sig,False,False,False,3900,719,3395,0-4K,direct,partial
ALL_CRIM_000038,Hindi,Criminal,final_merged_hindi_cleaned.csv,final_merged_hindi_cleaned.csv,649,utf-8-sig,False,False,False,822,141,556,0-4K,direct,partial
ALL_CRIM_000040,Hindi,Criminal,final_merged_hindi_cleaned.csv,final_merged_hindi_cleaned.csv,650,utf-8-sig,False,False,False,1694,300,1360,0-4K,direct,partial
ALL_CRIM_000047,Hindi,Criminal,final_merged_hindi_cleaned.csv,final_merged_hindi_cleaned.csv,651,utf-8-sig,False,False,False,1179,213,912,0-4K,direct,partial
ALL_CRIM_000052,Hindi,Criminal,final_merged_hindi_cleaned.csv,final_merged_hindi_cleaned.csv,652,utf-8-sig,False,False,False,1904,324,1592,0-4K,direct,partial
ALL_CRIM_000054,Hindi,Criminal,final_merged_hindi_cleaned.csv,final_merged_hindi_cleaned.csv,653,utf-8-sig,False,False,False,944,163,630,0-4K,direct,partial
ALL_CRIM_000056,Hindi,Criminal,final_merged_hindi_cleaned.csv,final_merged_hindi_cleaned.csv,654,utf-8-sig,False,False,False,1225,218,975,0-4K,direct,partial
ALL_CRIM_000057,Hindi,Criminal,final_merged_hindi_cleaned.csv,final_merged_hindi_cleaned.csv,655,utf-8-sig,False,False,False,1128,194,837,0-4K,direct,partial
ALL_CRIM_000067,Hindi,Criminal,final_merged_hindi_cleaned.csv,final_merged_hindi_cleaned.csv,656,utf-8-sig,False,False,False,1957,331,1569,0-4K,direct,partial
ALL_CRIM_000069,Hindi,Criminal,final_merged_hindi_cleaned.csv,final_merged_hindi_cleaned.csv,657,utf-8-sig,False,False,False,1483,254,1155,0-4K,direct,partial
ALL_CRIM_000084,Hindi,Criminal,final_merged_hindi_cleaned.csv,final_merged_hindi_cleaned.csv,658,utf-8-sig,False,False,False,1435,245,1109,0-4K,direct,partial
ALL_CRIM_000094,Hindi,Criminal,final_merged_hindi_cleaned.csv,final_merged_hindi_cleaned.csv,659,utf-8-sig,False,False,False,1488,262,1146,0-4K,direct,partial
ALL_CRIM_000101,Hindi,Criminal,final_merged_hindi_cleaned.csv,final_merged_hindi_cleaned.csv,660,utf-8-sig,False,False,False,1138,199,807,0-4K,direct,partial
ALL_CRIM_000102,Hindi,Criminal,final_merged_hindi_cleaned.csv,final_merged_hindi_cleaned.csv,661,utf-8-sig,False,False,False,986,172,695,0-4K,direct,partial
ALL_CRIM_000104,Hindi,Criminal,final_merged_hindi_cleaned.csv,final_merged_hindi_cleaned.csv,662,utf-8-sig,False,False,False,1976,335,1580,0-4K,direct,partial
ALL_CRIM_000109,Hindi,Criminal,final_merged_hindi_cleaned.csv,final_merged_hindi_cleaned.csv,663,utf-8-sig,False,False,False,1345,234,1083,0-4K,direct,partial
ALL_CRIM_000111,Hindi,Criminal,final_merged_hindi_cleaned.csv,final_merged_hindi_cleaned.csv,664,utf-8-sig,False,False,False,2014,338,1640,0-4K,direct,partial
ALL_CRIM_000117,Hindi,Criminal,final_merged_hindi_cleaned.csv,final_merged_hindi_cleaned.csv,665,utf-8-sig,False,False,False,1955,332,1578,0-4K,direct,partial
ALL_CRIM_000118,Hindi,Criminal,final_merged_hindi_cleaned.csv,final_merged_hindi_cleaned.csv,666,utf-8-sig,False,False,False,1472,268,1140,0-4K,direct,partial
ALL_CRIM_000121,Hindi,Criminal,final_merged_hindi_cleaned.csv,final_merged_hindi_cleaned.csv,667,utf-8-sig,False,False,False,1070,189,769,0-4K,direct,partial
ALL_CRIM_000134,Hindi,Criminal,final_merged_hindi_cleaned.csv,final_merged_hindi_cleaned.csv,668,utf-8-sig,False,False,False,1958,330,1641,0-4K,direct,partial
ALL_CRIM_000150,Hindi,Criminal,final_merged_hindi_cleaned.csv,final_merged_hindi_cleaned.csv,669,utf-8-sig,False,False,False,1174,202,902,0-4K,direct,partial
ALL_CRIM_000151,Hindi,Criminal,final_merged_hindi_cleaned.csv,final_merged_hindi_cleaned.csv,670,utf-8-sig,False,False,False,979,170,711,0-4K,direct,partial
ALL_CRIM_000170,Hindi,Criminal,final_merged_hindi_cleaned.csv,final_merged_hindi_cleaned.csv,671,utf-8-sig,False,False,False,1828,332,1492,0-4K,direct,partial
ALL_CRIM_000172,Hindi,Criminal,final_merged_hindi_cleaned.csv,final_merged_hindi_cleaned.csv,672,utf-8-sig,False,False,False,1652,284,1292,0-4K,direct,partial
ALL_CRIM_000176,Hindi,Criminal,final_merged_hindi_cleaned.csv,final_merged_hindi_cleaned.csv,673,utf-8-sig,False,False,False,2010,340,1690,0-4K,direct,partial
ALL_CRIM_000177,Hindi,Criminal,final_merged_hindi_cleaned.csv,final_merged_hindi_cleaned.csv,674,utf-8-sig,False,False,False,4115,760,3577,0-4K,direct,partial
ALL_CRIM_000189,Hindi,Criminal,final_merged_hindi_cleaned.csv,final_merged_hindi_cleaned.csv,675,utf-8-sig,False,False,False,1947,328,1570,0-4K,direct,partial
ALL_CRIM_000194,Hindi,Criminal,final_merged_hindi_cleaned.csv,final_merged_hindi_cleaned.csv,676,utf-8-sig,False,False,False,1817,332,1458,0-4K,direct,partial
ALL_CRIM_000196,Hindi,Criminal,final_merged_hindi_cleaned.csv,final_merged_hindi_cleaned.csv,677,utf-8-sig,False,False,False,1061,192,716,0-4K,direct,partial
ALL_CRIM_000197,Hindi,Criminal,final_merged_hindi_cleaned.csv,final_merged_hindi_cleaned.csv,678,utf-8-sig,False,False,False,1308,225,1049,0-4K,direct,partial
DEL_ADM_000007,Hindi,Administrative,final_merged_hindi_cleaned.csv,final_merged_hindi_cleaned.csv,679,utf-8-sig,False,False,False,24881,4381,22819,16K-32K,chunk_candidate,partial
DEL_ADM_000024,Hindi,Administrative,final_merged_hindi_cleaned.csv,final_merged_hindi_cleaned.csv,680,utf-8-sig,False,False,False,15745,2891,14395,8K-16K,chunk_candidate,partial
DEL_CON_000011,Hindi,Constitutional,final_merged_hindi_cleaned.csv,final_merged_hindi_cleaned.csv,681,utf-8-sig,False,False,False,7248,1236,6579,4K-8K,direct,partial
DL_CRIM_000009,Hindi,Criminal,final_merged_hindi_cleaned.csv,final_merged_hindi_cleaned.csv,682,utf-8-sig,False,False,False,11406,2257,10441,8K-16K,chunk_candidate,partial
DL_CRIM_000011,Hindi,Criminal,final_merged_hindi_cleaned.csv,final_merged_hindi_cleaned.csv,683,utf-8-sig,False,False,False,32486,5866,29704,16K-32K,chunk_candidate,partial
DL_CRIM_000014,Hindi,Criminal,final_merged_hindi_cleaned.csv,final_merged_hindi_cleaned.csv,684,utf-8-sig,False,False,False,12783,2433,11903,8K-16K,chunk_candidate,partial
DL_CRIM_000020,Hindi,Criminal,final_merged_hindi_cleaned.csv,final_merged_hindi_cleaned.csv,685,utf-8-sig,False,False,False,8099,1534,7400,4K-8K,chunk_candidate,partial
DL_CRIM_000028,Hindi,Criminal,final_merged_hindi_cleaned.csv,final_merged_hindi_cleaned.csv,686,utf-8-sig,False,False,False,19914,3890,18238,16K-32K,chunk_candidate,partial
DL_CRIM_000045,Hindi,Criminal,final_merged_hindi_cleaned.csv,final_merged_hindi_cleaned.csv,687,utf-8-sig,False,False,False,13692,2537,12661,8K-16K,chunk_candidate,partial
DL_CRIM_000054,Hindi,Criminal,final_merged_hindi_cleaned.csv,final_merged_hindi_cleaned.csv,688,utf-8-sig,False,False,False,6489,1175,5944,4K-8K,direct,partial
DL_CRIM_000057,Hindi,Criminal,final_merged_hindi_cleaned.csv,final_merged_hindi_cleaned.csv,689,utf-8-sig,False,False,False,12248,2212,11241,8K-16K,chunk_candidate,partial
DL_CRIM_000059,Hindi,Criminal,final_merged_hindi_cleaned.csv,final_merged_hindi_cleaned.csv,690,utf-8-sig,False,False,False,12632,2356,11671,8K-16K,chunk_candidate,partial
DL_CRIM_000065,Hindi,Criminal,final_merged_hindi_cleaned.csv,final_merged_hindi_cleaned.csv,691,utf-8-sig,False,False,False,9634,1765,8631,8K-16K,chunk_candidate,partial
DL_CRIM_000066,Hindi,Criminal,final_merged_hindi_cleaned.csv,final_merged_hindi_cleaned.csv,692,utf-8-sig,False,False,False,32544,5849,29944,16K-32K,chunk_candidate,partial
DL_CRIM_000073,Hindi,Criminal,final_merged_hindi_cleaned.csv,final_merged_hindi_cleaned.csv,693,utf-8-sig,False,False,False,17527,3172,16045,16K-32K,chunk_candidate,partial
JHK_CIV_000005,Hindi,Civil,final_merged_hindi_cleaned.csv,final_merged_hindi_cleaned.csv,694,utf-8-sig,False,False,False,2515,447,2305,0-4K,direct,partial
JHK_CIV_000006,Hindi,Civil,final_merged_hindi_cleaned.csv,final_merged_hindi_cleaned.csv,695,utf-8-sig,False,False,False,1859,326,1690,0-4K,direct,partial
JHK_CIV_000010,Hindi,Civil,final_merged_hindi_cleaned.csv,final_merged_hindi_cleaned.csv,696,utf-8-sig,False,False,False,1671,296,1527,0-4K,direct,partial
JHK_CIV_000016,Hindi,Civil,final_merged_hindi_cleaned.csv,final_merged_hindi_cleaned.csv,697,utf-8-sig,False,False,False,930,159,845,0-4K,direct,partial
JHK_CIV_000023,Hindi,Civil,final_merged_hindi_cleaned.csv,final_merged_hindi_cleaned.csv,698,utf-8-sig,False,False,False,1167,200,1076,0-4K,direct,partial
JHK_CIV_000032,Hindi,Civil,final_merged_hindi_cleaned.csv,final_merged_hindi_cleaned.csv,699,utf-8-sig,False,False,False,1455,242,1334,0-4K,direct,partial
JHK_CIV_000035,Hindi,Civil,final_merged_hindi_cleaned.csv,final_merged_hindi_cleaned.csv,700,utf-8-sig,False,False,False,2287,421,2098,0-4K,direct,partial
JHK_CIV_000040,Hindi,Civil,final_merged_hindi_cleaned.csv,final_merged_hindi_cleaned.csv,701,utf-8-sig,False,False,False,5129,888,4762,4K-8K,direct,partial
JHK_CIV_000045,Hindi,Civil,final_merged_hindi_cleaned.csv,final_merged_hindi_cleaned.csv,702,utf-8-sig,False,False,False,6184,1089,5735,4K-8K,direct,partial
JHK_CIV_000047,Hindi,Civil,final_merged_hindi_cleaned.csv,final_merged_hindi_cleaned.csv,703,utf-8-sig,False,False,False,2019,316,1906,0-4K,direct,partial
JHK_CIV_000053,Hindi,Civil,final_merged_hindi_cleaned.csv,final_merged_hindi_cleaned.csv,704,utf-8-sig,False,False,False,3364,585,3088,0-4K,direct,partial
JHK_CIV_000056,Hindi,Civil,final_merged_hindi_cleaned.csv,final_merged_hindi_cleaned.csv,705,utf-8-sig,False,False,False,884,143,824,0-4K,direct,partial
JHK_CON_000001,Hindi,Constitutional,final_merged_hindi_cleaned.csv,final_merged_hindi_cleaned.csv,706,utf-8-sig,False,False,False,1628,274,1492,0-4K,direct,partial
JHK_CRIM_000001,Hindi,Criminal,final_merged_hindi_cleaned.csv,final_merged_hindi_cleaned.csv,707,utf-8-sig,False,False,False,2663,505,2441,0-4K,direct,partial
JHK_CRIM_000004,Hindi,Criminal,final_merged_hindi_cleaned.csv,final_merged_hindi_cleaned.csv,708,utf-8-sig,False,False,False,1046,164,942,0-4K,direct,partial
JHK_CRIM_000007,Hindi,Criminal,final_merged_hindi_cleaned.csv,final_merged_hindi_cleaned.csv,709,utf-8-sig,False,False,False,1191,185,1096,0-4K,direct,partial
JHK_CRIM_000017,Hindi,Criminal,final_merged_hindi_cleaned.csv,final_merged_hindi_cleaned.csv,710,utf-8-sig,False,False,False,1002,171,918,0-4K,direct,partial
JHK_CRIM_000018,Hindi,Criminal,final_merged_hindi_cleaned.csv,final_merged_hindi_cleaned.csv,711,utf-8-sig,False,False,False,1000,166,908,0-4K,direct,partial
JHK_CRIM_000029,Hindi,Criminal,final_merged_hindi_cleaned.csv,final_merged_hindi_cleaned.csv,712,utf-8-sig,False,False,False,1113,179,1021,0-4K,direct,partial
JHK_CRIM_000030,Hindi,Criminal,final_merged_hindi_cleaned.csv,final_merged_hindi_cleaned.csv,713,utf-8-sig,False,False,False,1025,156,934,0-4K,direct,partial
JHK_CRIM_000033,Hindi,Criminal,final_merged_hindi_cleaned.csv,final_merged_hindi_cleaned.csv,714,utf-8-sig,False,False,False,3154,545,2863,0-4K,direct,partial
JHK_CRIM_000035,Hindi,Criminal,final_merged_hindi_cleaned.csv,final_merged_hindi_cleaned.csv,715,utf-8-sig,False,False,False,3175,599,2911,0-4K,direct,partial
JHK_CRIM_000038,Hindi,Criminal,final_merged_hindi_cleaned.csv,final_merged_hindi_cleaned.csv,716,utf-8-sig,False,False,False,1034,176,942,0-4K,direct,partial
JHK_CRIM_000045,Hindi,Criminal,final_merged_hindi_cleaned.csv,final_merged_hindi_cleaned.csv,717,utf-8-sig,False,False,False,2841,512,2614,0-4K,direct,partial
JHK_CRIM_000047,Hindi,Criminal,final_merged_hindi_cleaned.csv,final_merged_hindi_cleaned.csv,718,utf-8-sig,False,False,False,2361,427,2131,0-4K,direct,partial
JHK_CRIM_000056,Hindi,Criminal,final_merged_hindi_cleaned.csv,final_merged_hindi_cleaned.csv,719,utf-8-sig,False,False,False,1130,173,1026,0-4K,direct,partial
JHK_CRIM_000057,Hindi,Criminal,final_merged_hindi_cleaned.csv,final_merged_hindi_cleaned.csv,720,utf-8-sig,False,False,False,1462,235,1318,0-4K,direct,partial
MP_ADM_000002,Hindi,Administrative,final_merged_hindi_cleaned.csv,final_merged_hindi_cleaned.csv,721,utf-8-sig,False,False,False,18606,3508,17020,16K-32K,chunk_candidate,partial
MP_ADM_000012,Hindi,Administrative,final_merged_hindi_cleaned.csv,final_merged_hindi_cleaned.csv,722,utf-8-sig,False,False,False,6614,1241,5974,4K-8K,direct,partial
MP_CIV_000002,Hindi,Civil,final_merged_hindi_cleaned.csv,final_merged_hindi_cleaned.csv,723,utf-8-sig,False,False,False,11115,2189,9869,8K-16K,chunk_candidate,partial
MP_CRIM_000004,Hindi,Criminal,final_merged_hindi_cleaned.csv,final_merged_hindi_cleaned.csv,724,utf-8-sig,False,False,False,792,129,715,0-4K,direct,partial
PAT_ADM_000004,Hindi,Administrative,final_merged_hindi_cleaned.csv,final_merged_hindi_cleaned.csv,725,utf-8-sig,False,False,False,1306,183,1203,0-4K,direct,partial
PAT_ADM_000005,Hindi,Administrative,final_merged_hindi_cleaned.csv,final_merged_hindi_cleaned.csv,726,utf-8-sig,False,False,False,1021,162,928,0-4K,direct,partial
PAT_ADM_000006,Hindi,Administrative,final_merged_hindi_cleaned.csv,final_merged_hindi_cleaned.csv,727,utf-8-sig,False,False,False,1128,167,1026,0-4K,direct,partial
PAT_ADM_000019,Hindi,Administrative,final_merged_hindi_cleaned.csv,final_merged_hindi_cleaned.csv,728,utf-8-sig,False,False,False,1054,159,974,0-4K,direct,partial
PAT_ADM_000020,Hindi,Administrative,final_merged_hindi_cleaned.csv,final_merged_hindi_cleaned.csv,729,utf-8-sig,False,False,False,2080,327,1892,0-4K,direct,partial
PAT_ADM_000022,Hindi,Administrative,final_merged_hindi_cleaned.csv,final_merged_hindi_cleaned.csv,730,utf-8-sig,False,False,False,1109,181,1005,0-4K,direct,partial
PAT_ADM_000023,Hindi,Administrative,final_merged_hindi_cleaned.csv,final_merged_hindi_cleaned.csv,731,utf-8-sig,False,False,False,2162,365,1991,0-4K,direct,partial
PAT_ADM_000030,Hindi,Administrative,final_merged_hindi_cleaned.csv,final_merged_hindi_cleaned.csv,732,utf-8-sig,False,False,False,652,101,592,0-4K,direct,partial
PAT_ADM_000032,Hindi,Administrative,final_merged_hindi_cleaned.csv,final_merged_hindi_cleaned.csv,733,utf-8-sig,False,False,False,833,127,776,0-4K,direct,partial
PAT_ADM_000033,Hindi,Administrative,final_merged_hindi_cleaned.csv,final_merged_hindi_cleaned.csv,734,utf-8-sig,False,False,False,2255,374,2072,0-4K,direct,partial
PAT_ADM_000036,Hindi,Administrative,final_merged_hindi_cleaned.csv,final_merged_hindi_cleaned.csv,735,utf-8-sig,False,False,False,841,125,782,0-4K,direct,partial
PAT_ADM_000041,Hindi,Administrative,final_merged_hindi_cleaned.csv,final_merged_hindi_cleaned.csv,736,utf-8-sig,False,False,False,2000,277,1829,0-4K,direct,partial
PAT_ADM_000044,Hindi,Administrative,final_merged_hindi_cleaned.csv,final_merged_hindi_cleaned.csv,737,utf-8-sig,False,False,False,1209,200,1103,0-4K,direct,partial
PAT_ADM_000047,Hindi,Administrative,final_merged_hindi_cleaned.csv,final_merged_hindi_cleaned.csv,738,utf-8-sig,False,False,False,1942,284,1794,0-4K,direct,partial
PAT_ADM_000051,Hindi,Administrative,final_merged_hindi_cleaned.csv,final_merged_hindi_cleaned.csv,739,utf-8-sig,False,False,False,1641,280,1529,0-4K,direct,partial
PAT_ADM_000063,Hindi,Administrative,final_merged_hindi_cleaned.csv,final_merged_hindi_cleaned.csv,740,utf-8-sig,False,False,False,879,139,816,0-4K,direct,partial
PAT_ADM_000064,Hindi,Administrative,final_merged_hindi_cleaned.csv,final_merged_hindi_cleaned.csv,741,utf-8-sig,False,False,False,1803,315,1648,0-4K,direct,partial
